./sprites/blocks/rock_blk.png,510,1620,1,0
#
./sprites/blocks/rock_blk.png,510,1644,1,0
./sprites/blocks/rock_blk.png,534,1644,1,0
#
./sprites/blocks/rock_blk.png,510,1668,1,0
./sprites/blocks/rock_blk.png,534,1668,1,0
./sprites/blocks/rock_blk.png,558,1668,1,0
#
./sprites/blocks/rock_blk.png,510,1692,1,0
./sprites/blocks/rock_blk.png,534,1692,1,0
./sprites/blocks/rock_blk.png,558,1692,1,0
./sprites/blocks/rock_blk.png,582,1692,1,0
./sprites/blocks/rock_blk.png,606,1692,1,0
./sprites/blocks/rock_blk.png,630,1692,1,0
./sprites/blocks/rock_blk.png,654,1692,1,0
#
#./sprites/blocks/rock_blk.png,726,1692,1,0
#./sprites/blocks/rock_blk.png,750,1692,1,0
#./sprites/blocks/rock_blk.png,774,1692,1,0
#./sprites/blocks/rock_blk.png,798,1692,1,0
#./sprites/blocks/rock_blk.png,822,1692,1,0
#./sprites/blocks/rock_blk.png,846,1692,1,0
#./sprites/blocks/rock_blk.png,870,1692,1,0
#./sprites/blocks/rock_blk.png,894,1692,1,0
###./sprites/blocks/rock_blk.png,918,1692,1,0
#./sprites/blocks/rock_blk.png,942,1692,1,0
#./sprites/blocks/rock_blk.png,966,1692,1,0
#./sprites/blocks/rock_blk.png,990,1692,1,0
#./sprites/blocks/rock_blk.png,1014,1692,1,0
./sprites/blocks/rock_blk.png,1038,1692,1,0
./sprites/blocks/rock_blk.png,1062,1692,1,0
./sprites/blocks/rock_blk.png,1086,1692,1,0
./sprites/blocks/rock_blk.png,1110,1692,1,0
./sprites/blocks/rock_blk.png,1134,1692,1,0
./sprites/blocks/rock_blk.png,1158,1692,1,0
./sprites/blocks/rock_blk.png,1182,1692,1,0
./sprites/blocks/rock_blk.png,1206,1692,1,0
./sprites/blocks/rock_blk.png,1230,1692,1,0
./sprites/blocks/rock_blk.png,1254,1692,1,0
./sprites/blocks/rock_blk.png,1278,1692,1,0
./sprites/blocks/rock_blk.png,1302,1692,1,0
./sprites/blocks/rock_blk.png,1326,1692,1,0
./sprites/blocks/rock_blk.png,1350,1692,1,0
./sprites/blocks/rock_blk.png,1374,1692,1,0
./sprites/blocks/rock_blk.png,1398,1692,1,0
./sprites/blocks/rock_blk.png,1422,1692,1,0
./sprites/blocks/rock_blk.png,1446,1692,1,0
./sprites/blocks/rock_blk.png,1470,1692,1,0
./sprites/blocks/rock_blk.png,1494,1692,1,0
./sprites/blocks/rock_blk.png,1518,1692,1,0
./sprites/blocks/rock_blk.png,1542,1692,1,0
./sprites/blocks/rock_blk.png,1566,1692,1,0
./sprites/blocks/rock_blk.png,1590,1692,1,0
./sprites/blocks/rock_blk.png,1614,1692,1,0
./sprites/blocks/rock_blk.png,1638,1692,1,0
./sprites/blocks/rock_blk.png,1662,1692,1,0
./sprites/blocks/rock_blk.png,1686,1692,1,0
./sprites/blocks/rock_blk.png,1710,1692,1,0
./sprites/blocks/rock_blk.png,1734,1692,1,0
./sprites/blocks/rock_blk.png,1758,1692,1,0
./sprites/blocks/rock_blk.png,1782,1692,1,0
./sprites/blocks/rock_blk.png,1806,1692,1,0
./sprites/blocks/rock_blk.png,1830,1692,1,0
./sprites/blocks/rock_blk.png,1854,1692,1,0
./sprites/blocks/rock_blk.png,1878,1692,1,0
./sprites/blocks/rock_blk.png,1902,1692,1,0
./sprites/blocks/rock_blk.png,1926,1692,1,0
./sprites/blocks/rock_blk.png,1950,1692,1,0
./sprites/blocks/rock_blk.png,1974,1692,1,0
./sprites/blocks/rock_blk.png,1998,1692,1,0
./sprites/blocks/rock_blk.png,2022,1692,1,0
./sprites/blocks/rock_blk.png,2046,1692,1,0
./sprites/blocks/rock_blk.png,2070,1692,1,0
./sprites/blocks/rock_blk.png,2094,1692,1,0
./sprites/blocks/rock_blk.png,2118,1692,1,0
./sprites/blocks/rock_blk.png,2142,1692,1,0
./sprites/blocks/rock_blk.png,2166,1692,1,0
./sprites/blocks/rock_blk.png,2190,1692,1,0
./sprites/blocks/rock_blk.png,2214,1692,1,0
./sprites/blocks/rock_blk.png,2238,1692,1,0
./sprites/blocks/rock_blk.png,2262,1692,1,0
./sprites/blocks/rock_blk.png,2286,1692,1,0
./sprites/blocks/rock_blk.png,2310,1692,1,0
./sprites/blocks/rock_blk.png,2334,1692,1,0
./sprites/blocks/rock_blk.png,2358,1692,1,0
./sprites/blocks/rock_blk.png,2382,1692,1,0
./sprites/blocks/rock_blk.png,2406,1692,1,0
./sprites/blocks/rock_blk.png,2430,1692,1,0
./sprites/blocks/rock_blk.png,2454,1692,1,0
./sprites/blocks/rock_blk.png,2478,1692,1,0
./sprites/blocks/rock_blk.png,2502,1692,1,0
./sprites/blocks/rock_blk.png,2526,1692,1,0
./sprites/blocks/rock_blk.png,2550,1692,1,0
./sprites/blocks/rock_blk.png,2574,1692,1,0
./sprites/blocks/rock_blk.png,2598,1692,1,0
./sprites/blocks/rock_blk.png,2622,1692,1,0
./sprites/blocks/rock_blk.png,2646,1692,1,0
./sprites/blocks/rock_blk.png,2670,1692,1,0
./sprites/blocks/rock_blk.png,2694,1692,1,0
./sprites/blocks/rock_blk.png,2718,1692,1,0
./sprites/blocks/rock_blk.png,2742,1692,1,0
./sprites/blocks/rock_blk.png,2766,1692,1,0
./sprites/blocks/rock_blk.png,2790,1692,1,0
./sprites/blocks/rock_blk.png,2814,1692,1,0
./sprites/blocks/rock_blk.png,2838,1692,1,0
./sprites/blocks/rock_blk.png,2862,1692,1,0
./sprites/blocks/rock_blk.png,2886,1692,1,0
./sprites/blocks/rock_blk.png,2910,1692,1,0
./sprites/blocks/rock_blk.png,2934,1692,1,0
./sprites/blocks/rock_blk.png,2958,1692,1,0
./sprites/blocks/rock_blk.png,2982,1692,1,0
./sprites/blocks/rock_blk.png,3006,1692,1,0
./sprites/blocks/rock_blk.png,3030,1692,1,0
./sprites/blocks/rock_blk.png,3054,1692,1,0
./sprites/blocks/rock_blk.png,3078,1692,1,0
./sprites/blocks/rock_blk.png,3102,1692,1,0
./sprites/blocks/rock_blk.png,3126,1692,1,0
./sprites/blocks/rock_blk.png,3150,1692,1,0
./sprites/blocks/rock_blk.png,3174,1692,1,0
./sprites/blocks/rock_blk.png,3198,1692,1,0
./sprites/blocks/rock_blk.png,3222,1692,1,0
./sprites/blocks/rock_blk.png,3246,1692,1,0
./sprites/blocks/rock_blk.png,3270,1692,1,0
./sprites/blocks/rock_blk.png,3294,1692,1,0
./sprites/blocks/rock_blk.png,3318,1692,1,0
./sprites/blocks/rock_blk.png,3342,1692,1,0
./sprites/blocks/rock_blk.png,3366,1692,1,0
./sprites/blocks/rock_blk.png,3390,1692,1,0
./sprites/blocks/rock_blk.png,510,1716,1,0
./sprites/blocks/rock_blk.png,534,1716,1,0
./sprites/blocks/rock_blk.png,558,1716,1,0
./sprites/blocks/rock_blk.png,582,1716,1,0
./sprites/blocks/rock_blk.png,606,1716,1,0
./sprites/blocks/rock_blk.png,630,1716,1,0
./sprites/blocks/rock_blk.png,654,1716,1,0
./sprites/blocks/rock_blk.png,678,1716,1,0
./sprites/blocks/rock_blk.png,702,1716,1,0
./sprites/blocks/rock_blk.png,726,1716,1,0
./sprites/blocks/rock_blk.png,750,1716,1,0
./sprites/blocks/rock_blk.png,774,1716,1,0
./sprites/blocks/rock_blk.png,798,1716,1,0
./sprites/blocks/rock_blk.png,822,1716,1,0
./sprites/blocks/rock_blk.png,846,1716,1,0
./sprites/blocks/rock_blk.png,870,1716,1,0
./sprites/blocks/rock_blk.png,894,1716,1,0
./sprites/blocks/rock_blk.png,918,1716,1,0
./sprites/blocks/rock_blk.png,942,1716,1,0
./sprites/blocks/rock_blk.png,966,1716,1,0
./sprites/blocks/rock_blk.png,990,1716,1,0
./sprites/blocks/rock_blk.png,1014,1716,1,0
./sprites/blocks/rock_blk.png,1038,1716,1,0
./sprites/blocks/rock_blk.png,1062,1716,1,0
./sprites/blocks/rock_blk.png,1086,1716,1,0
./sprites/blocks/rock_blk.png,1110,1716,1,0
./sprites/blocks/rock_blk.png,1134,1716,1,0
./sprites/blocks/rock_blk.png,1158,1716,1,0
./sprites/blocks/rock_blk.png,1182,1716,1,0
./sprites/blocks/rock_blk.png,1206,1716,1,0
./sprites/blocks/rock_blk.png,1230,1716,1,0
./sprites/blocks/rock_blk.png,1254,1716,1,0
./sprites/blocks/rock_blk.png,1278,1716,1,0
./sprites/blocks/rock_blk.png,1302,1716,1,0
./sprites/blocks/rock_blk.png,1326,1716,1,0
./sprites/blocks/rock_blk.png,1350,1716,1,0
./sprites/blocks/rock_blk.png,1374,1716,1,0
./sprites/blocks/rock_blk.png,1398,1716,1,0
./sprites/blocks/rock_blk.png,1422,1716,1,0
./sprites/blocks/rock_blk.png,1446,1716,1,0
./sprites/blocks/rock_blk.png,1470,1716,1,0
./sprites/blocks/rock_blk.png,1494,1716,1,0
./sprites/blocks/rock_blk.png,1518,1716,1,0
./sprites/blocks/rock_blk.png,1542,1716,1,0
./sprites/blocks/rock_blk.png,1566,1716,1,0
./sprites/blocks/rock_blk.png,1590,1716,1,0
./sprites/blocks/rock_blk.png,1614,1716,1,0
./sprites/blocks/rock_blk.png,1638,1716,1,0
./sprites/blocks/rock_blk.png,1662,1716,1,0
./sprites/blocks/rock_blk.png,1686,1716,1,0
./sprites/blocks/rock_blk.png,1710,1716,1,0
./sprites/blocks/rock_blk.png,1734,1716,1,0
./sprites/blocks/rock_blk.png,1758,1716,1,0
./sprites/blocks/rock_blk.png,1782,1716,1,0
./sprites/blocks/rock_blk.png,1806,1716,1,0
./sprites/blocks/rock_blk.png,1830,1716,1,0
./sprites/blocks/rock_blk.png,1854,1716,1,0
./sprites/blocks/rock_blk.png,1878,1716,1,0
./sprites/blocks/rock_blk.png,1902,1716,1,0
./sprites/blocks/rock_blk.png,1926,1716,1,0
./sprites/blocks/rock_blk.png,1950,1716,1,0
./sprites/blocks/rock_blk.png,1974,1716,1,0
./sprites/blocks/rock_blk.png,1998,1716,1,0
./sprites/blocks/rock_blk.png,2022,1716,1,0
./sprites/blocks/rock_blk.png,2046,1716,1,0
./sprites/blocks/rock_blk.png,2070,1716,1,0
./sprites/blocks/rock_blk.png,2094,1716,1,0
./sprites/blocks/rock_blk.png,2118,1716,1,0
./sprites/blocks/rock_blk.png,2142,1716,1,0
./sprites/blocks/rock_blk.png,2166,1716,1,0
./sprites/blocks/rock_blk.png,2190,1716,1,0
./sprites/blocks/rock_blk.png,2214,1716,1,0
./sprites/blocks/rock_blk.png,2238,1716,1,0
./sprites/blocks/rock_blk.png,2262,1716,1,0
./sprites/blocks/rock_blk.png,2286,1716,1,0
./sprites/blocks/rock_blk.png,2310,1716,1,0
./sprites/blocks/rock_blk.png,2334,1716,1,0
./sprites/blocks/rock_blk.png,2358,1716,1,0
./sprites/blocks/rock_blk.png,2382,1716,1,0
./sprites/blocks/rock_blk.png,2406,1716,1,0
./sprites/blocks/rock_blk.png,2430,1716,1,0
./sprites/blocks/rock_blk.png,2454,1716,1,0
./sprites/blocks/rock_blk.png,2478,1716,1,0
./sprites/blocks/rock_blk.png,2502,1716,1,0
./sprites/blocks/rock_blk.png,2526,1716,1,0
./sprites/blocks/rock_blk.png,2550,1716,1,0
./sprites/blocks/rock_blk.png,2574,1716,1,0
./sprites/blocks/rock_blk.png,2598,1716,1,0
./sprites/blocks/rock_blk.png,2622,1716,1,0
./sprites/blocks/rock_blk.png,2646,1716,1,0
./sprites/blocks/rock_blk.png,2670,1716,1,0
./sprites/blocks/rock_blk.png,2694,1716,1,0
./sprites/blocks/rock_blk.png,2718,1716,1,0
./sprites/blocks/rock_blk.png,2742,1716,1,0
./sprites/blocks/rock_blk.png,2766,1716,1,0
./sprites/blocks/rock_blk.png,2790,1716,1,0
./sprites/blocks/rock_blk.png,2814,1716,1,0
./sprites/blocks/rock_blk.png,2838,1716,1,0
./sprites/blocks/rock_blk.png,2862,1716,1,0
./sprites/blocks/rock_blk.png,2886,1716,1,0
./sprites/blocks/rock_blk.png,2910,1716,1,0
./sprites/blocks/rock_blk.png,2934,1716,1,0
./sprites/blocks/rock_blk.png,2958,1716,1,0
./sprites/blocks/rock_blk.png,2982,1716,1,0
./sprites/blocks/rock_blk.png,3006,1716,1,0
./sprites/blocks/rock_blk.png,3030,1716,1,0
./sprites/blocks/rock_blk.png,3054,1716,1,0
./sprites/blocks/rock_blk.png,3078,1716,1,0
./sprites/blocks/rock_blk.png,3102,1716,1,0
./sprites/blocks/rock_blk.png,3126,1716,1,0
./sprites/blocks/rock_blk.png,3150,1716,1,0
./sprites/blocks/rock_blk.png,3174,1716,1,0
./sprites/blocks/rock_blk.png,3198,1716,1,0
./sprites/blocks/rock_blk.png,3222,1716,1,0
./sprites/blocks/rock_blk.png,3246,1716,1,0
./sprites/blocks/rock_blk.png,3270,1716,1,0
./sprites/blocks/rock_blk.png,3294,1716,1,0
./sprites/blocks/rock_blk.png,3318,1716,1,0
./sprites/blocks/rock_blk.png,3342,1716,1,0
./sprites/blocks/rock_blk.png,3366,1716,1,0
./sprites/blocks/rock_blk.png,3390,1716,1,0
./sprites/blocks/rock_blk.png,510,1740,1,0
./sprites/blocks/rock_blk.png,534,1740,1,0
./sprites/blocks/rock_blk.png,558,1740,1,0
./sprites/blocks/rock_blk.png,582,1740,1,0
./sprites/blocks/rock_blk.png,606,1740,1,0
./sprites/blocks/rock_blk.png,630,1740,1,0
./sprites/blocks/rock_blk.png,654,1740,1,0
./sprites/blocks/rock_blk.png,678,1740,1,0
./sprites/blocks/rock_blk.png,702,1740,1,0
./sprites/blocks/rock_blk.png,726,1740,1,0
./sprites/blocks/rock_blk.png,750,1740,1,0
./sprites/blocks/rock_blk.png,774,1740,1,0
./sprites/blocks/rock_blk.png,798,1740,1,0
./sprites/blocks/rock_blk.png,822,1740,1,0
./sprites/blocks/rock_blk.png,846,1740,1,0
./sprites/blocks/rock_blk.png,870,1740,1,0
./sprites/blocks/rock_blk.png,894,1740,1,0
./sprites/blocks/rock_blk.png,918,1740,1,0
./sprites/blocks/rock_blk.png,942,1740,1,0
./sprites/blocks/rock_blk.png,966,1740,1,0
./sprites/blocks/rock_blk.png,990,1740,1,0
./sprites/blocks/rock_blk.png,1014,1740,1,0
./sprites/blocks/rock_blk.png,1038,1740,1,0
./sprites/blocks/rock_blk.png,1062,1740,1,0
./sprites/blocks/rock_blk.png,1086,1740,1,0
./sprites/blocks/rock_blk.png,1110,1740,1,0
./sprites/blocks/rock_blk.png,1134,1740,1,0
./sprites/blocks/rock_blk.png,1158,1740,1,0
./sprites/blocks/rock_blk.png,1182,1740,1,0
./sprites/blocks/rock_blk.png,1206,1740,1,0
./sprites/blocks/rock_blk.png,1230,1740,1,0
./sprites/blocks/rock_blk.png,1254,1740,1,0
./sprites/blocks/rock_blk.png,1278,1740,1,0
./sprites/blocks/rock_blk.png,1302,1740,1,0
./sprites/blocks/rock_blk.png,1326,1740,1,0
./sprites/blocks/rock_blk.png,1350,1740,1,0
./sprites/blocks/rock_blk.png,1374,1740,1,0
./sprites/blocks/rock_blk.png,1398,1740,1,0
./sprites/blocks/rock_blk.png,1422,1740,1,0
./sprites/blocks/rock_blk.png,1446,1740,1,0
./sprites/blocks/rock_blk.png,1470,1740,1,0
./sprites/blocks/rock_blk.png,1494,1740,1,0
./sprites/blocks/rock_blk.png,1518,1740,1,0
./sprites/blocks/rock_blk.png,1542,1740,1,0
./sprites/blocks/rock_blk.png,1566,1740,1,0
./sprites/blocks/rock_blk.png,1590,1740,1,0
./sprites/blocks/rock_blk.png,1614,1740,1,0
./sprites/blocks/rock_blk.png,1638,1740,1,0
./sprites/blocks/rock_blk.png,1662,1740,1,0
./sprites/blocks/rock_blk.png,1686,1740,1,0
./sprites/blocks/rock_blk.png,1710,1740,1,0
./sprites/blocks/rock_blk.png,1734,1740,1,0
./sprites/blocks/rock_blk.png,1758,1740,1,0
./sprites/blocks/rock_blk.png,1782,1740,1,0
./sprites/blocks/rock_blk.png,1806,1740,1,0
./sprites/blocks/rock_blk.png,1830,1740,1,0
./sprites/blocks/rock_blk.png,1854,1740,1,0
./sprites/blocks/rock_blk.png,1878,1740,1,0
./sprites/blocks/rock_blk.png,1902,1740,1,0
./sprites/blocks/rock_blk.png,1926,1740,1,0
./sprites/blocks/rock_blk.png,1950,1740,1,0
./sprites/blocks/rock_blk.png,1974,1740,1,0
./sprites/blocks/rock_blk.png,1998,1740,1,0
./sprites/blocks/rock_blk.png,2022,1740,1,0
./sprites/blocks/rock_blk.png,2046,1740,1,0
./sprites/blocks/rock_blk.png,2070,1740,1,0
./sprites/blocks/rock_blk.png,2094,1740,1,0
./sprites/blocks/rock_blk.png,2118,1740,1,0
./sprites/blocks/rock_blk.png,2142,1740,1,0
./sprites/blocks/rock_blk.png,2166,1740,1,0
./sprites/blocks/rock_blk.png,2190,1740,1,0
./sprites/blocks/rock_blk.png,2214,1740,1,0
./sprites/blocks/rock_blk.png,2238,1740,1,0
./sprites/blocks/rock_blk.png,2262,1740,1,0
./sprites/blocks/rock_blk.png,2286,1740,1,0
./sprites/blocks/rock_blk.png,2310,1740,1,0
./sprites/blocks/rock_blk.png,2334,1740,1,0
./sprites/blocks/rock_blk.png,2358,1740,1,0
./sprites/blocks/rock_blk.png,2382,1740,1,0
./sprites/blocks/rock_blk.png,2406,1740,1,0
./sprites/blocks/rock_blk.png,2430,1740,1,0
./sprites/blocks/rock_blk.png,2454,1740,1,0
./sprites/blocks/rock_blk.png,2478,1740,1,0
./sprites/blocks/rock_blk.png,2502,1740,1,0
./sprites/blocks/rock_blk.png,2526,1740,1,0
./sprites/blocks/rock_blk.png,2550,1740,1,0
./sprites/blocks/rock_blk.png,2574,1740,1,0
./sprites/blocks/rock_blk.png,2598,1740,1,0
./sprites/blocks/rock_blk.png,2622,1740,1,0
./sprites/blocks/rock_blk.png,2646,1740,1,0
./sprites/blocks/rock_blk.png,2670,1740,1,0
./sprites/blocks/rock_blk.png,2694,1740,1,0
./sprites/blocks/rock_blk.png,2718,1740,1,0
./sprites/blocks/rock_blk.png,2742,1740,1,0
./sprites/blocks/rock_blk.png,2766,1740,1,0
./sprites/blocks/rock_blk.png,2790,1740,1,0
./sprites/blocks/rock_blk.png,2814,1740,1,0
./sprites/blocks/rock_blk.png,2838,1740,1,0
./sprites/blocks/rock_blk.png,2862,1740,1,0
./sprites/blocks/rock_blk.png,2886,1740,1,0
./sprites/blocks/rock_blk.png,2910,1740,1,0
./sprites/blocks/rock_blk.png,2934,1740,1,0
./sprites/blocks/rock_blk.png,2958,1740,1,0
./sprites/blocks/rock_blk.png,2982,1740,1,0
./sprites/blocks/rock_blk.png,3006,1740,1,0
./sprites/blocks/rock_blk.png,3030,1740,1,0
./sprites/blocks/rock_blk.png,3054,1740,1,0
./sprites/blocks/rock_blk.png,3078,1740,1,0
./sprites/blocks/rock_blk.png,3102,1740,1,0
./sprites/blocks/rock_blk.png,3126,1740,1,0
./sprites/blocks/rock_blk.png,3150,1740,1,0
./sprites/blocks/rock_blk.png,3174,1740,1,0
./sprites/blocks/rock_blk.png,3198,1740,1,0
./sprites/blocks/rock_blk.png,3222,1740,1,0
./sprites/blocks/rock_blk.png,3246,1740,1,0
./sprites/blocks/rock_blk.png,3270,1740,1,0
./sprites/blocks/rock_blk.png,3294,1740,1,0
./sprites/blocks/rock_blk.png,3318,1740,1,0
./sprites/blocks/rock_blk.png,3342,1740,1,0
./sprites/blocks/rock_blk.png,3366,1740,1,0
./sprites/blocks/rock_blk.png,3390,1740,1,0
./sprites/blocks/rock_blk.png,510,1764,1,0
./sprites/blocks/rock_blk.png,534,1764,1,0
./sprites/blocks/rock_blk.png,558,1764,1,0
./sprites/blocks/rock_blk.png,582,1764,1,0
./sprites/blocks/rock_blk.png,606,1764,1,0
./sprites/blocks/rock_blk.png,630,1764,1,0
./sprites/blocks/rock_blk.png,654,1764,1,0
./sprites/blocks/rock_blk.png,678,1764,1,0
./sprites/blocks/rock_blk.png,702,1764,1,0
./sprites/blocks/rock_blk.png,726,1764,1,0
./sprites/blocks/rock_blk.png,750,1764,1,0
./sprites/blocks/rock_blk.png,774,1764,1,0
./sprites/blocks/rock_blk.png,798,1764,1,0
./sprites/blocks/rock_blk.png,822,1764,1,0
./sprites/blocks/rock_blk.png,846,1764,1,0
./sprites/blocks/rock_blk.png,870,1764,1,0
./sprites/blocks/rock_blk.png,894,1764,1,0
./sprites/blocks/rock_blk.png,918,1764,1,0
./sprites/blocks/rock_blk.png,942,1764,1,0
./sprites/blocks/rock_blk.png,966,1764,1,0
./sprites/blocks/rock_blk.png,990,1764,1,0
./sprites/blocks/rock_blk.png,1014,1764,1,0
./sprites/blocks/rock_blk.png,1038,1764,1,0
./sprites/blocks/rock_blk.png,1062,1764,1,0
./sprites/blocks/rock_blk.png,1086,1764,1,0
./sprites/blocks/rock_blk.png,1110,1764,1,0
./sprites/blocks/rock_blk.png,1134,1764,1,0
./sprites/blocks/rock_blk.png,1158,1764,1,0
./sprites/blocks/rock_blk.png,1182,1764,1,0
./sprites/blocks/rock_blk.png,1206,1764,1,0
./sprites/blocks/rock_blk.png,1230,1764,1,0
./sprites/blocks/rock_blk.png,1254,1764,1,0
./sprites/blocks/rock_blk.png,1278,1764,1,0
./sprites/blocks/rock_blk.png,1302,1764,1,0
./sprites/blocks/rock_blk.png,1326,1764,1,0
./sprites/blocks/rock_blk.png,1350,1764,1,0
./sprites/blocks/rock_blk.png,1374,1764,1,0
./sprites/blocks/rock_blk.png,1398,1764,1,0
./sprites/blocks/rock_blk.png,1422,1764,1,0
./sprites/blocks/rock_blk.png,1446,1764,1,0
./sprites/blocks/rock_blk.png,1470,1764,1,0
./sprites/blocks/rock_blk.png,1494,1764,1,0
./sprites/blocks/rock_blk.png,1518,1764,1,0
./sprites/blocks/rock_blk.png,1542,1764,1,0
./sprites/blocks/rock_blk.png,1566,1764,1,0
./sprites/blocks/rock_blk.png,1590,1764,1,0
./sprites/blocks/rock_blk.png,1614,1764,1,0
./sprites/blocks/rock_blk.png,1638,1764,1,0
./sprites/blocks/rock_blk.png,1662,1764,1,0
./sprites/blocks/rock_blk.png,1686,1764,1,0
./sprites/blocks/rock_blk.png,1710,1764,1,0
./sprites/blocks/rock_blk.png,1734,1764,1,0
./sprites/blocks/rock_blk.png,1758,1764,1,0
./sprites/blocks/rock_blk.png,1782,1764,1,0
./sprites/blocks/rock_blk.png,1806,1764,1,0
./sprites/blocks/rock_blk.png,1830,1764,1,0
./sprites/blocks/rock_blk.png,1854,1764,1,0
./sprites/blocks/rock_blk.png,1878,1764,1,0
./sprites/blocks/rock_blk.png,1902,1764,1,0
./sprites/blocks/rock_blk.png,1926,1764,1,0
./sprites/blocks/rock_blk.png,1950,1764,1,0
./sprites/blocks/rock_blk.png,1974,1764,1,0
./sprites/blocks/rock_blk.png,1998,1764,1,0
./sprites/blocks/rock_blk.png,2022,1764,1,0
./sprites/blocks/rock_blk.png,2046,1764,1,0
./sprites/blocks/rock_blk.png,2070,1764,1,0
./sprites/blocks/rock_blk.png,2094,1764,1,0
./sprites/blocks/rock_blk.png,2118,1764,1,0
./sprites/blocks/rock_blk.png,2142,1764,1,0
./sprites/blocks/rock_blk.png,2166,1764,1,0
./sprites/blocks/rock_blk.png,2190,1764,1,0
./sprites/blocks/rock_blk.png,2214,1764,1,0
./sprites/blocks/rock_blk.png,2238,1764,1,0
./sprites/blocks/rock_blk.png,2262,1764,1,0
./sprites/blocks/rock_blk.png,2286,1764,1,0
./sprites/blocks/rock_blk.png,2310,1764,1,0
./sprites/blocks/rock_blk.png,2334,1764,1,0
./sprites/blocks/rock_blk.png,2358,1764,1,0
./sprites/blocks/rock_blk.png,2382,1764,1,0
./sprites/blocks/rock_blk.png,2406,1764,1,0
./sprites/blocks/rock_blk.png,2430,1764,1,0
./sprites/blocks/rock_blk.png,2454,1764,1,0
./sprites/blocks/rock_blk.png,2478,1764,1,0
./sprites/blocks/rock_blk.png,2502,1764,1,0
./sprites/blocks/rock_blk.png,2526,1764,1,0
./sprites/blocks/rock_blk.png,2550,1764,1,0
./sprites/blocks/rock_blk.png,2574,1764,1,0
./sprites/blocks/rock_blk.png,2598,1764,1,0
./sprites/blocks/rock_blk.png,2622,1764,1,0
./sprites/blocks/rock_blk.png,2646,1764,1,0
./sprites/blocks/rock_blk.png,2670,1764,1,0
./sprites/blocks/rock_blk.png,2694,1764,1,0
./sprites/blocks/rock_blk.png,2718,1764,1,0
./sprites/blocks/rock_blk.png,2742,1764,1,0
./sprites/blocks/rock_blk.png,2766,1764,1,0
./sprites/blocks/rock_blk.png,2790,1764,1,0
./sprites/blocks/rock_blk.png,2814,1764,1,0
./sprites/blocks/rock_blk.png,2838,1764,1,0
./sprites/blocks/rock_blk.png,2862,1764,1,0
./sprites/blocks/rock_blk.png,2886,1764,1,0
./sprites/blocks/rock_blk.png,2910,1764,1,0
./sprites/blocks/rock_blk.png,2934,1764,1,0
./sprites/blocks/rock_blk.png,2958,1764,1,0
./sprites/blocks/rock_blk.png,2982,1764,1,0
./sprites/blocks/rock_blk.png,3006,1764,1,0
./sprites/blocks/rock_blk.png,3030,1764,1,0
./sprites/blocks/rock_blk.png,3054,1764,1,0
./sprites/blocks/rock_blk.png,3078,1764,1,0
./sprites/blocks/rock_blk.png,3102,1764,1,0
./sprites/blocks/rock_blk.png,3126,1764,1,0
./sprites/blocks/rock_blk.png,3150,1764,1,0
./sprites/blocks/rock_blk.png,3174,1764,1,0
./sprites/blocks/rock_blk.png,3198,1764,1,0
./sprites/blocks/rock_blk.png,3222,1764,1,0
./sprites/blocks/rock_blk.png,3246,1764,1,0
./sprites/blocks/rock_blk.png,3270,1764,1,0
./sprites/blocks/rock_blk.png,3294,1764,1,0
./sprites/blocks/rock_blk.png,3318,1764,1,0
./sprites/blocks/rock_blk.png,3342,1764,1,0
./sprites/blocks/rock_blk.png,3366,1764,1,0
./sprites/blocks/rock_blk.png,3390,1764,1,0
./sprites/blocks/rock_blk.png,510,1788,1,0
./sprites/blocks/rock_blk.png,534,1788,1,0
./sprites/blocks/rock_blk.png,558,1788,1,0
./sprites/blocks/rock_blk.png,582,1788,1,0
./sprites/blocks/rock_blk.png,606,1788,1,0
./sprites/blocks/rock_blk.png,630,1788,1,0
./sprites/blocks/rock_blk.png,654,1788,1,0
./sprites/blocks/rock_blk.png,678,1788,1,0
./sprites/blocks/rock_blk.png,702,1788,1,0
./sprites/blocks/rock_blk.png,726,1788,1,0
./sprites/blocks/rock_blk.png,750,1788,1,0
./sprites/blocks/rock_blk.png,774,1788,1,0
./sprites/blocks/rock_blk.png,798,1788,1,0
./sprites/blocks/rock_blk.png,822,1788,1,0
./sprites/blocks/rock_blk.png,846,1788,1,0
./sprites/blocks/rock_blk.png,870,1788,1,0
./sprites/blocks/rock_blk.png,894,1788,1,0
./sprites/blocks/rock_blk.png,918,1788,1,0
./sprites/blocks/rock_blk.png,942,1788,1,0
./sprites/blocks/rock_blk.png,966,1788,1,0
./sprites/blocks/rock_blk.png,990,1788,1,0
./sprites/blocks/rock_blk.png,1014,1788,1,0
./sprites/blocks/rock_blk.png,1038,1788,1,0
./sprites/blocks/rock_blk.png,1062,1788,1,0
./sprites/blocks/rock_blk.png,1086,1788,1,0
./sprites/blocks/rock_blk.png,1110,1788,1,0
./sprites/blocks/rock_blk.png,1134,1788,1,0
./sprites/blocks/rock_blk.png,1158,1788,1,0
./sprites/blocks/rock_blk.png,1182,1788,1,0
./sprites/blocks/rock_blk.png,1206,1788,1,0
./sprites/blocks/rock_blk.png,1230,1788,1,0
./sprites/blocks/rock_blk.png,1254,1788,1,0
./sprites/blocks/rock_blk.png,1278,1788,1,0
./sprites/blocks/rock_blk.png,1302,1788,1,0
./sprites/blocks/rock_blk.png,1326,1788,1,0
./sprites/blocks/rock_blk.png,1350,1788,1,0
./sprites/blocks/rock_blk.png,1374,1788,1,0
./sprites/blocks/rock_blk.png,1398,1788,1,0
./sprites/blocks/rock_blk.png,1422,1788,1,0
./sprites/blocks/rock_blk.png,1446,1788,1,0
./sprites/blocks/rock_blk.png,1470,1788,1,0
./sprites/blocks/rock_blk.png,1494,1788,1,0
./sprites/blocks/rock_blk.png,1518,1788,1,0
./sprites/blocks/rock_blk.png,1542,1788,1,0
./sprites/blocks/rock_blk.png,1566,1788,1,0
./sprites/blocks/rock_blk.png,1590,1788,1,0
./sprites/blocks/rock_blk.png,1614,1788,1,0
./sprites/blocks/rock_blk.png,1638,1788,1,0
./sprites/blocks/rock_blk.png,1662,1788,1,0
./sprites/blocks/rock_blk.png,1686,1788,1,0
./sprites/blocks/rock_blk.png,1710,1788,1,0
./sprites/blocks/rock_blk.png,1734,1788,1,0
./sprites/blocks/rock_blk.png,1758,1788,1,0
./sprites/blocks/rock_blk.png,1782,1788,1,0
./sprites/blocks/rock_blk.png,1806,1788,1,0
./sprites/blocks/rock_blk.png,1830,1788,1,0
./sprites/blocks/rock_blk.png,1854,1788,1,0
./sprites/blocks/rock_blk.png,1878,1788,1,0
./sprites/blocks/rock_blk.png,1902,1788,1,0
./sprites/blocks/rock_blk.png,1926,1788,1,0
./sprites/blocks/rock_blk.png,1950,1788,1,0
./sprites/blocks/rock_blk.png,1974,1788,1,0
./sprites/blocks/rock_blk.png,1998,1788,1,0
./sprites/blocks/rock_blk.png,2022,1788,1,0
./sprites/blocks/rock_blk.png,2046,1788,1,0
./sprites/blocks/rock_blk.png,2070,1788,1,0
./sprites/blocks/rock_blk.png,2094,1788,1,0
./sprites/blocks/rock_blk.png,2118,1788,1,0
./sprites/blocks/rock_blk.png,2142,1788,1,0
./sprites/blocks/rock_blk.png,2166,1788,1,0
./sprites/blocks/rock_blk.png,2190,1788,1,0
./sprites/blocks/rock_blk.png,2214,1788,1,0
./sprites/blocks/rock_blk.png,2238,1788,1,0
./sprites/blocks/rock_blk.png,2262,1788,1,0
./sprites/blocks/rock_blk.png,2286,1788,1,0
./sprites/blocks/rock_blk.png,2310,1788,1,0
./sprites/blocks/rock_blk.png,2334,1788,1,0
./sprites/blocks/rock_blk.png,2358,1788,1,0
./sprites/blocks/rock_blk.png,2382,1788,1,0
./sprites/blocks/rock_blk.png,2406,1788,1,0
./sprites/blocks/rock_blk.png,2430,1788,1,0
./sprites/blocks/rock_blk.png,2454,1788,1,0
./sprites/blocks/rock_blk.png,2478,1788,1,0
./sprites/blocks/rock_blk.png,2502,1788,1,0
./sprites/blocks/rock_blk.png,2526,1788,1,0
./sprites/blocks/rock_blk.png,2550,1788,1,0
./sprites/blocks/rock_blk.png,2574,1788,1,0
./sprites/blocks/rock_blk.png,2598,1788,1,0
./sprites/blocks/rock_blk.png,2622,1788,1,0
./sprites/blocks/rock_blk.png,2646,1788,1,0
./sprites/blocks/rock_blk.png,2670,1788,1,0
./sprites/blocks/rock_blk.png,2694,1788,1,0
./sprites/blocks/rock_blk.png,2718,1788,1,0
./sprites/blocks/rock_blk.png,2742,1788,1,0
./sprites/blocks/rock_blk.png,2766,1788,1,0
./sprites/blocks/rock_blk.png,2790,1788,1,0
./sprites/blocks/rock_blk.png,2814,1788,1,0
./sprites/blocks/rock_blk.png,2838,1788,1,0
./sprites/blocks/rock_blk.png,2862,1788,1,0
./sprites/blocks/rock_blk.png,2886,1788,1,0
./sprites/blocks/rock_blk.png,2910,1788,1,0
./sprites/blocks/rock_blk.png,2934,1788,1,0
./sprites/blocks/rock_blk.png,2958,1788,1,0
./sprites/blocks/rock_blk.png,2982,1788,1,0
./sprites/blocks/rock_blk.png,3006,1788,1,0
./sprites/blocks/rock_blk.png,3030,1788,1,0
./sprites/blocks/rock_blk.png,3054,1788,1,0
./sprites/blocks/rock_blk.png,3078,1788,1,0
./sprites/blocks/rock_blk.png,3102,1788,1,0
./sprites/blocks/rock_blk.png,3126,1788,1,0
./sprites/blocks/rock_blk.png,3150,1788,1,0
./sprites/blocks/rock_blk.png,3174,1788,1,0
./sprites/blocks/rock_blk.png,3198,1788,1,0
./sprites/blocks/rock_blk.png,3222,1788,1,0
./sprites/blocks/rock_blk.png,3246,1788,1,0
./sprites/blocks/rock_blk.png,3270,1788,1,0
./sprites/blocks/rock_blk.png,3294,1788,1,0
./sprites/blocks/rock_blk.png,3318,1788,1,0
./sprites/blocks/rock_blk.png,3342,1788,1,0
./sprites/blocks/rock_blk.png,3366,1788,1,0
./sprites/blocks/rock_blk.png,3390,1788,1,0
./sprites/blocks/rock_blk.png,510,1812,1,0
./sprites/blocks/rock_blk.png,534,1812,1,0
./sprites/blocks/rock_blk.png,558,1812,1,0
./sprites/blocks/rock_blk.png,582,1812,1,0
./sprites/blocks/rock_blk.png,606,1812,1,0
./sprites/blocks/rock_blk.png,630,1812,1,0
./sprites/blocks/rock_blk.png,654,1812,1,0
./sprites/blocks/rock_blk.png,678,1812,1,0
./sprites/blocks/rock_blk.png,702,1812,1,0
./sprites/blocks/rock_blk.png,726,1812,1,0
./sprites/blocks/rock_blk.png,750,1812,1,0
./sprites/blocks/rock_blk.png,774,1812,1,0
./sprites/blocks/rock_blk.png,798,1812,1,0
./sprites/blocks/rock_blk.png,822,1812,1,0
./sprites/blocks/rock_blk.png,846,1812,1,0
./sprites/blocks/rock_blk.png,870,1812,1,0
./sprites/blocks/rock_blk.png,894,1812,1,0
./sprites/blocks/rock_blk.png,918,1812,1,0
./sprites/blocks/rock_blk.png,942,1812,1,0
./sprites/blocks/rock_blk.png,966,1812,1,0
./sprites/blocks/rock_blk.png,990,1812,1,0
./sprites/blocks/rock_blk.png,1014,1812,1,0
./sprites/blocks/rock_blk.png,1038,1812,1,0
./sprites/blocks/rock_blk.png,1062,1812,1,0
./sprites/blocks/rock_blk.png,1086,1812,1,0
./sprites/blocks/rock_blk.png,1110,1812,1,0
./sprites/blocks/rock_blk.png,1134,1812,1,0
./sprites/blocks/rock_blk.png,1158,1812,1,0
./sprites/blocks/rock_blk.png,1182,1812,1,0
./sprites/blocks/rock_blk.png,1206,1812,1,0
./sprites/blocks/rock_blk.png,1230,1812,1,0
./sprites/blocks/rock_blk.png,1254,1812,1,0
./sprites/blocks/rock_blk.png,1278,1812,1,0
./sprites/blocks/rock_blk.png,1302,1812,1,0
./sprites/blocks/rock_blk.png,1326,1812,1,0
./sprites/blocks/rock_blk.png,1350,1812,1,0
./sprites/blocks/rock_blk.png,1374,1812,1,0
./sprites/blocks/rock_blk.png,1398,1812,1,0
./sprites/blocks/rock_blk.png,1422,1812,1,0
./sprites/blocks/rock_blk.png,1446,1812,1,0
./sprites/blocks/rock_blk.png,1470,1812,1,0
./sprites/blocks/rock_blk.png,1494,1812,1,0
./sprites/blocks/rock_blk.png,1518,1812,1,0
./sprites/blocks/rock_blk.png,1542,1812,1,0
./sprites/blocks/rock_blk.png,1566,1812,1,0
./sprites/blocks/rock_blk.png,1590,1812,1,0
./sprites/blocks/rock_blk.png,1614,1812,1,0
./sprites/blocks/rock_blk.png,1638,1812,1,0
./sprites/blocks/rock_blk.png,1662,1812,1,0
./sprites/blocks/rock_blk.png,1686,1812,1,0
./sprites/blocks/rock_blk.png,1710,1812,1,0
./sprites/blocks/rock_blk.png,1734,1812,1,0
./sprites/blocks/rock_blk.png,1758,1812,1,0
./sprites/blocks/rock_blk.png,1782,1812,1,0
./sprites/blocks/rock_blk.png,1806,1812,1,0
./sprites/blocks/rock_blk.png,1830,1812,1,0
./sprites/blocks/rock_blk.png,1854,1812,1,0
./sprites/blocks/rock_blk.png,1878,1812,1,0
./sprites/blocks/rock_blk.png,1902,1812,1,0
./sprites/blocks/rock_blk.png,1926,1812,1,0
./sprites/blocks/rock_blk.png,1950,1812,1,0
./sprites/blocks/rock_blk.png,1974,1812,1,0
./sprites/blocks/rock_blk.png,1998,1812,1,0
./sprites/blocks/rock_blk.png,2022,1812,1,0
./sprites/blocks/rock_blk.png,2046,1812,1,0
./sprites/blocks/rock_blk.png,2070,1812,1,0
./sprites/blocks/rock_blk.png,2094,1812,1,0
./sprites/blocks/rock_blk.png,2118,1812,1,0
./sprites/blocks/rock_blk.png,2142,1812,1,0
./sprites/blocks/rock_blk.png,2166,1812,1,0
./sprites/blocks/rock_blk.png,2190,1812,1,0
./sprites/blocks/rock_blk.png,2214,1812,1,0
./sprites/blocks/rock_blk.png,2238,1812,1,0
./sprites/blocks/rock_blk.png,2262,1812,1,0
./sprites/blocks/rock_blk.png,2286,1812,1,0
./sprites/blocks/rock_blk.png,2310,1812,1,0
./sprites/blocks/rock_blk.png,2334,1812,1,0
./sprites/blocks/rock_blk.png,2358,1812,1,0
./sprites/blocks/rock_blk.png,2382,1812,1,0
./sprites/blocks/rock_blk.png,2406,1812,1,0
./sprites/blocks/rock_blk.png,2430,1812,1,0
./sprites/blocks/rock_blk.png,2454,1812,1,0
./sprites/blocks/rock_blk.png,2478,1812,1,0
./sprites/blocks/rock_blk.png,2502,1812,1,0
./sprites/blocks/rock_blk.png,2526,1812,1,0
./sprites/blocks/rock_blk.png,2550,1812,1,0
./sprites/blocks/rock_blk.png,2574,1812,1,0
./sprites/blocks/rock_blk.png,2598,1812,1,0
./sprites/blocks/rock_blk.png,2622,1812,1,0
./sprites/blocks/rock_blk.png,2646,1812,1,0
./sprites/blocks/rock_blk.png,2670,1812,1,0
./sprites/blocks/rock_blk.png,2694,1812,1,0
./sprites/blocks/rock_blk.png,2718,1812,1,0
./sprites/blocks/rock_blk.png,2742,1812,1,0
./sprites/blocks/rock_blk.png,2766,1812,1,0
./sprites/blocks/rock_blk.png,2790,1812,1,0
./sprites/blocks/rock_blk.png,2814,1812,1,0
./sprites/blocks/rock_blk.png,2838,1812,1,0
./sprites/blocks/rock_blk.png,2862,1812,1,0
./sprites/blocks/rock_blk.png,2886,1812,1,0
./sprites/blocks/rock_blk.png,2910,1812,1,0
./sprites/blocks/rock_blk.png,2934,1812,1,0
./sprites/blocks/rock_blk.png,2958,1812,1,0
./sprites/blocks/rock_blk.png,2982,1812,1,0
./sprites/blocks/rock_blk.png,3006,1812,1,0
./sprites/blocks/rock_blk.png,3030,1812,1,0
./sprites/blocks/rock_blk.png,3054,1812,1,0
./sprites/blocks/rock_blk.png,3078,1812,1,0
./sprites/blocks/rock_blk.png,3102,1812,1,0
./sprites/blocks/rock_blk.png,3126,1812,1,0
./sprites/blocks/rock_blk.png,3150,1812,1,0
./sprites/blocks/rock_blk.png,3174,1812,1,0
./sprites/blocks/rock_blk.png,3198,1812,1,0
./sprites/blocks/rock_blk.png,3222,1812,1,0
./sprites/blocks/rock_blk.png,3246,1812,1,0
./sprites/blocks/rock_blk.png,3270,1812,1,0
./sprites/blocks/rock_blk.png,3294,1812,1,0
./sprites/blocks/rock_blk.png,3318,1812,1,0
./sprites/blocks/rock_blk.png,3342,1812,1,0
./sprites/blocks/rock_blk.png,3366,1812,1,0
./sprites/blocks/rock_blk.png,3390,1812,1,0
./sprites/blocks/rock_blk.png,510,1836,1,0
./sprites/blocks/rock_blk.png,534,1836,1,0
./sprites/blocks/rock_blk.png,558,1836,1,0
./sprites/blocks/rock_blk.png,582,1836,1,0
./sprites/blocks/rock_blk.png,606,1836,1,0
./sprites/blocks/rock_blk.png,630,1836,1,0
./sprites/blocks/rock_blk.png,654,1836,1,0
./sprites/blocks/rock_blk.png,678,1836,1,0
./sprites/blocks/rock_blk.png,702,1836,1,0
./sprites/blocks/rock_blk.png,726,1836,1,0
./sprites/blocks/rock_blk.png,750,1836,1,0
./sprites/blocks/rock_blk.png,774,1836,1,0
./sprites/blocks/rock_blk.png,798,1836,1,0
./sprites/blocks/rock_blk.png,822,1836,1,0
./sprites/blocks/rock_blk.png,846,1836,1,0
./sprites/blocks/rock_blk.png,870,1836,1,0
./sprites/blocks/rock_blk.png,894,1836,1,0
./sprites/blocks/rock_blk.png,918,1836,1,0
./sprites/blocks/rock_blk.png,942,1836,1,0
./sprites/blocks/rock_blk.png,966,1836,1,0
./sprites/blocks/rock_blk.png,990,1836,1,0
./sprites/blocks/rock_blk.png,1014,1836,1,0
./sprites/blocks/rock_blk.png,1038,1836,1,0
./sprites/blocks/rock_blk.png,1062,1836,1,0
./sprites/blocks/rock_blk.png,1086,1836,1,0
./sprites/blocks/rock_blk.png,1110,1836,1,0
./sprites/blocks/rock_blk.png,1134,1836,1,0
./sprites/blocks/rock_blk.png,1158,1836,1,0
./sprites/blocks/rock_blk.png,1182,1836,1,0
./sprites/blocks/rock_blk.png,1206,1836,1,0
./sprites/blocks/rock_blk.png,1230,1836,1,0
./sprites/blocks/rock_blk.png,1254,1836,1,0
./sprites/blocks/rock_blk.png,1278,1836,1,0
./sprites/blocks/rock_blk.png,1302,1836,1,0
./sprites/blocks/rock_blk.png,1326,1836,1,0
./sprites/blocks/rock_blk.png,1350,1836,1,0
./sprites/blocks/rock_blk.png,1374,1836,1,0
./sprites/blocks/rock_blk.png,1398,1836,1,0
./sprites/blocks/rock_blk.png,1422,1836,1,0
./sprites/blocks/rock_blk.png,1446,1836,1,0
./sprites/blocks/rock_blk.png,1470,1836,1,0
./sprites/blocks/rock_blk.png,1494,1836,1,0
./sprites/blocks/rock_blk.png,1518,1836,1,0
./sprites/blocks/rock_blk.png,1542,1836,1,0
./sprites/blocks/rock_blk.png,1566,1836,1,0
./sprites/blocks/rock_blk.png,1590,1836,1,0
./sprites/blocks/rock_blk.png,1614,1836,1,0
./sprites/blocks/rock_blk.png,1638,1836,1,0
./sprites/blocks/rock_blk.png,1662,1836,1,0
./sprites/blocks/rock_blk.png,1686,1836,1,0
./sprites/blocks/rock_blk.png,1710,1836,1,0
./sprites/blocks/rock_blk.png,1734,1836,1,0
./sprites/blocks/rock_blk.png,1758,1836,1,0
./sprites/blocks/rock_blk.png,1782,1836,1,0
./sprites/blocks/rock_blk.png,1806,1836,1,0
./sprites/blocks/rock_blk.png,1830,1836,1,0
./sprites/blocks/rock_blk.png,1854,1836,1,0
./sprites/blocks/rock_blk.png,1878,1836,1,0
./sprites/blocks/rock_blk.png,1902,1836,1,0
./sprites/blocks/rock_blk.png,1926,1836,1,0
./sprites/blocks/rock_blk.png,1950,1836,1,0
./sprites/blocks/rock_blk.png,1974,1836,1,0
./sprites/blocks/rock_blk.png,1998,1836,1,0
./sprites/blocks/rock_blk.png,2022,1836,1,0
./sprites/blocks/rock_blk.png,2046,1836,1,0
./sprites/blocks/rock_blk.png,2070,1836,1,0
./sprites/blocks/rock_blk.png,2094,1836,1,0
./sprites/blocks/rock_blk.png,2118,1836,1,0
./sprites/blocks/rock_blk.png,2142,1836,1,0
./sprites/blocks/rock_blk.png,2166,1836,1,0
./sprites/blocks/rock_blk.png,2190,1836,1,0
./sprites/blocks/rock_blk.png,2214,1836,1,0
./sprites/blocks/rock_blk.png,2238,1836,1,0
./sprites/blocks/rock_blk.png,2262,1836,1,0
./sprites/blocks/rock_blk.png,2286,1836,1,0
./sprites/blocks/rock_blk.png,2310,1836,1,0
./sprites/blocks/rock_blk.png,2334,1836,1,0
./sprites/blocks/rock_blk.png,2358,1836,1,0
./sprites/blocks/rock_blk.png,2382,1836,1,0
./sprites/blocks/rock_blk.png,2406,1836,1,0
./sprites/blocks/rock_blk.png,2430,1836,1,0
./sprites/blocks/rock_blk.png,2454,1836,1,0
./sprites/blocks/rock_blk.png,2478,1836,1,0
./sprites/blocks/rock_blk.png,2502,1836,1,0
./sprites/blocks/rock_blk.png,2526,1836,1,0
./sprites/blocks/rock_blk.png,2550,1836,1,0
./sprites/blocks/rock_blk.png,2574,1836,1,0
./sprites/blocks/rock_blk.png,2598,1836,1,0
./sprites/blocks/rock_blk.png,2622,1836,1,0
./sprites/blocks/rock_blk.png,2646,1836,1,0
./sprites/blocks/rock_blk.png,2670,1836,1,0
./sprites/blocks/rock_blk.png,2694,1836,1,0
./sprites/blocks/rock_blk.png,2718,1836,1,0
./sprites/blocks/rock_blk.png,2742,1836,1,0
./sprites/blocks/rock_blk.png,2766,1836,1,0
./sprites/blocks/rock_blk.png,2790,1836,1,0
./sprites/blocks/rock_blk.png,2814,1836,1,0
./sprites/blocks/rock_blk.png,2838,1836,1,0
./sprites/blocks/rock_blk.png,2862,1836,1,0
./sprites/blocks/rock_blk.png,2886,1836,1,0
./sprites/blocks/rock_blk.png,2910,1836,1,0
./sprites/blocks/rock_blk.png,2934,1836,1,0
./sprites/blocks/rock_blk.png,2958,1836,1,0
./sprites/blocks/rock_blk.png,2982,1836,1,0
./sprites/blocks/rock_blk.png,3006,1836,1,0
./sprites/blocks/rock_blk.png,3030,1836,1,0
./sprites/blocks/rock_blk.png,3054,1836,1,0
./sprites/blocks/rock_blk.png,3078,1836,1,0
./sprites/blocks/rock_blk.png,3102,1836,1,0
./sprites/blocks/rock_blk.png,3126,1836,1,0
./sprites/blocks/rock_blk.png,3150,1836,1,0
./sprites/blocks/rock_blk.png,3174,1836,1,0
./sprites/blocks/rock_blk.png,3198,1836,1,0
./sprites/blocks/rock_blk.png,3222,1836,1,0
./sprites/blocks/rock_blk.png,3246,1836,1,0
./sprites/blocks/rock_blk.png,3270,1836,1,0
./sprites/blocks/rock_blk.png,3294,1836,1,0
./sprites/blocks/rock_blk.png,3318,1836,1,0
./sprites/blocks/rock_blk.png,3342,1836,1,0
./sprites/blocks/rock_blk.png,3366,1836,1,0
./sprites/blocks/rock_blk.png,3390,1836,1,0
./sprites/blocks/rock_blk.png,510,1860,1,0
./sprites/blocks/rock_blk.png,534,1860,1,0
./sprites/blocks/rock_blk.png,558,1860,1,0
./sprites/blocks/rock_blk.png,582,1860,1,0
./sprites/blocks/rock_blk.png,606,1860,1,0
./sprites/blocks/rock_blk.png,630,1860,1,0
./sprites/blocks/rock_blk.png,654,1860,1,0
./sprites/blocks/rock_blk.png,678,1860,1,0
./sprites/blocks/rock_blk.png,702,1860,1,0
./sprites/blocks/rock_blk.png,726,1860,1,0
./sprites/blocks/rock_blk.png,750,1860,1,0
./sprites/blocks/rock_blk.png,774,1860,1,0
./sprites/blocks/rock_blk.png,798,1860,1,0
./sprites/blocks/rock_blk.png,822,1860,1,0
./sprites/blocks/rock_blk.png,846,1860,1,0
./sprites/blocks/rock_blk.png,870,1860,1,0
./sprites/blocks/rock_blk.png,894,1860,1,0
./sprites/blocks/rock_blk.png,918,1860,1,0
./sprites/blocks/rock_blk.png,942,1860,1,0
./sprites/blocks/rock_blk.png,966,1860,1,0
./sprites/blocks/rock_blk.png,990,1860,1,0
./sprites/blocks/rock_blk.png,1014,1860,1,0
./sprites/blocks/rock_blk.png,1038,1860,1,0
./sprites/blocks/rock_blk.png,1062,1860,1,0
./sprites/blocks/rock_blk.png,1086,1860,1,0
./sprites/blocks/rock_blk.png,1110,1860,1,0
./sprites/blocks/rock_blk.png,1134,1860,1,0
./sprites/blocks/rock_blk.png,1158,1860,1,0
./sprites/blocks/rock_blk.png,1182,1860,1,0
./sprites/blocks/rock_blk.png,1206,1860,1,0
./sprites/blocks/rock_blk.png,1230,1860,1,0
./sprites/blocks/rock_blk.png,1254,1860,1,0
./sprites/blocks/rock_blk.png,1278,1860,1,0
./sprites/blocks/rock_blk.png,1302,1860,1,0
./sprites/blocks/rock_blk.png,1326,1860,1,0
./sprites/blocks/rock_blk.png,1350,1860,1,0
./sprites/blocks/rock_blk.png,1374,1860,1,0
./sprites/blocks/rock_blk.png,1398,1860,1,0
./sprites/blocks/rock_blk.png,1422,1860,1,0
./sprites/blocks/rock_blk.png,1446,1860,1,0
./sprites/blocks/rock_blk.png,1470,1860,1,0
./sprites/blocks/rock_blk.png,1494,1860,1,0
./sprites/blocks/rock_blk.png,1518,1860,1,0
./sprites/blocks/rock_blk.png,1542,1860,1,0
./sprites/blocks/rock_blk.png,1566,1860,1,0
./sprites/blocks/rock_blk.png,1590,1860,1,0
./sprites/blocks/rock_blk.png,1614,1860,1,0
./sprites/blocks/rock_blk.png,1638,1860,1,0
./sprites/blocks/rock_blk.png,1662,1860,1,0
./sprites/blocks/rock_blk.png,1686,1860,1,0
./sprites/blocks/rock_blk.png,1710,1860,1,0
./sprites/blocks/rock_blk.png,1734,1860,1,0
./sprites/blocks/rock_blk.png,1758,1860,1,0
./sprites/blocks/rock_blk.png,1782,1860,1,0
./sprites/blocks/rock_blk.png,1806,1860,1,0
./sprites/blocks/rock_blk.png,1830,1860,1,0
./sprites/blocks/rock_blk.png,1854,1860,1,0
./sprites/blocks/rock_blk.png,1878,1860,1,0
./sprites/blocks/rock_blk.png,1902,1860,1,0
./sprites/blocks/rock_blk.png,1926,1860,1,0
./sprites/blocks/rock_blk.png,1950,1860,1,0
./sprites/blocks/rock_blk.png,1974,1860,1,0
./sprites/blocks/rock_blk.png,1998,1860,1,0
./sprites/blocks/rock_blk.png,2022,1860,1,0
./sprites/blocks/rock_blk.png,2046,1860,1,0
./sprites/blocks/rock_blk.png,2070,1860,1,0
./sprites/blocks/rock_blk.png,2094,1860,1,0
./sprites/blocks/rock_blk.png,2118,1860,1,0
./sprites/blocks/rock_blk.png,2142,1860,1,0
./sprites/blocks/rock_blk.png,2166,1860,1,0
./sprites/blocks/rock_blk.png,2190,1860,1,0
./sprites/blocks/rock_blk.png,2214,1860,1,0
./sprites/blocks/rock_blk.png,2238,1860,1,0
./sprites/blocks/rock_blk.png,2262,1860,1,0
./sprites/blocks/rock_blk.png,2286,1860,1,0
./sprites/blocks/rock_blk.png,2310,1860,1,0
./sprites/blocks/rock_blk.png,2334,1860,1,0
./sprites/blocks/rock_blk.png,2358,1860,1,0
./sprites/blocks/rock_blk.png,2382,1860,1,0
./sprites/blocks/rock_blk.png,2406,1860,1,0
./sprites/blocks/rock_blk.png,2430,1860,1,0
./sprites/blocks/rock_blk.png,2454,1860,1,0
./sprites/blocks/rock_blk.png,2478,1860,1,0
./sprites/blocks/rock_blk.png,2502,1860,1,0
./sprites/blocks/rock_blk.png,2526,1860,1,0
./sprites/blocks/rock_blk.png,2550,1860,1,0
./sprites/blocks/rock_blk.png,2574,1860,1,0
./sprites/blocks/rock_blk.png,2598,1860,1,0
./sprites/blocks/rock_blk.png,2622,1860,1,0
./sprites/blocks/rock_blk.png,2646,1860,1,0
./sprites/blocks/rock_blk.png,2670,1860,1,0
./sprites/blocks/rock_blk.png,2694,1860,1,0
./sprites/blocks/rock_blk.png,2718,1860,1,0
./sprites/blocks/rock_blk.png,2742,1860,1,0
./sprites/blocks/rock_blk.png,2766,1860,1,0
./sprites/blocks/rock_blk.png,2790,1860,1,0
./sprites/blocks/rock_blk.png,2814,1860,1,0
./sprites/blocks/rock_blk.png,2838,1860,1,0
./sprites/blocks/rock_blk.png,2862,1860,1,0
./sprites/blocks/rock_blk.png,2886,1860,1,0
./sprites/blocks/rock_blk.png,2910,1860,1,0
./sprites/blocks/rock_blk.png,2934,1860,1,0
./sprites/blocks/rock_blk.png,2958,1860,1,0
./sprites/blocks/rock_blk.png,2982,1860,1,0
./sprites/blocks/rock_blk.png,3006,1860,1,0
./sprites/blocks/rock_blk.png,3030,1860,1,0
./sprites/blocks/rock_blk.png,3054,1860,1,0
./sprites/blocks/rock_blk.png,3078,1860,1,0
./sprites/blocks/rock_blk.png,3102,1860,1,0
./sprites/blocks/rock_blk.png,3126,1860,1,0
./sprites/blocks/rock_blk.png,3150,1860,1,0
./sprites/blocks/rock_blk.png,3174,1860,1,0
./sprites/blocks/rock_blk.png,3198,1860,1,0
./sprites/blocks/rock_blk.png,3222,1860,1,0
./sprites/blocks/rock_blk.png,3246,1860,1,0
./sprites/blocks/rock_blk.png,3270,1860,1,0
./sprites/blocks/rock_blk.png,3294,1860,1,0
./sprites/blocks/rock_blk.png,3318,1860,1,0
./sprites/blocks/rock_blk.png,3342,1860,1,0
./sprites/blocks/rock_blk.png,3366,1860,1,0
./sprites/blocks/rock_blk.png,3390,1860,1,0
./sprites/blocks/rock_blk.png,510,1884,1,0
./sprites/blocks/rock_blk.png,534,1884,1,0
./sprites/blocks/rock_blk.png,558,1884,1,0
./sprites/blocks/rock_blk.png,582,1884,1,0
./sprites/blocks/rock_blk.png,606,1884,1,0
./sprites/blocks/rock_blk.png,630,1884,1,0
./sprites/blocks/rock_blk.png,654,1884,1,0
./sprites/blocks/rock_blk.png,678,1884,1,0
./sprites/blocks/rock_blk.png,702,1884,1,0
./sprites/blocks/rock_blk.png,726,1884,1,0
./sprites/blocks/rock_blk.png,750,1884,1,0
./sprites/blocks/rock_blk.png,774,1884,1,0
./sprites/blocks/rock_blk.png,798,1884,1,0
./sprites/blocks/rock_blk.png,822,1884,1,0
./sprites/blocks/rock_blk.png,846,1884,1,0
./sprites/blocks/rock_blk.png,870,1884,1,0
./sprites/blocks/rock_blk.png,894,1884,1,0
./sprites/blocks/rock_blk.png,918,1884,1,0
./sprites/blocks/rock_blk.png,942,1884,1,0
./sprites/blocks/rock_blk.png,966,1884,1,0
./sprites/blocks/rock_blk.png,990,1884,1,0
./sprites/blocks/rock_blk.png,1014,1884,1,0
./sprites/blocks/rock_blk.png,1038,1884,1,0
./sprites/blocks/rock_blk.png,1062,1884,1,0
./sprites/blocks/rock_blk.png,1086,1884,1,0
./sprites/blocks/rock_blk.png,1110,1884,1,0
./sprites/blocks/rock_blk.png,1134,1884,1,0
./sprites/blocks/rock_blk.png,1158,1884,1,0
./sprites/blocks/rock_blk.png,1182,1884,1,0
./sprites/blocks/rock_blk.png,1206,1884,1,0
./sprites/blocks/rock_blk.png,1230,1884,1,0
./sprites/blocks/rock_blk.png,1254,1884,1,0
./sprites/blocks/rock_blk.png,1278,1884,1,0
./sprites/blocks/rock_blk.png,1302,1884,1,0
./sprites/blocks/rock_blk.png,1326,1884,1,0
./sprites/blocks/rock_blk.png,1350,1884,1,0
./sprites/blocks/rock_blk.png,1374,1884,1,0
./sprites/blocks/rock_blk.png,1398,1884,1,0
./sprites/blocks/rock_blk.png,1422,1884,1,0
./sprites/blocks/rock_blk.png,1446,1884,1,0
./sprites/blocks/rock_blk.png,1470,1884,1,0
./sprites/blocks/rock_blk.png,1494,1884,1,0
./sprites/blocks/rock_blk.png,1518,1884,1,0
./sprites/blocks/rock_blk.png,1542,1884,1,0
./sprites/blocks/rock_blk.png,1566,1884,1,0
./sprites/blocks/rock_blk.png,1590,1884,1,0
./sprites/blocks/rock_blk.png,1614,1884,1,0
./sprites/blocks/rock_blk.png,1638,1884,1,0
./sprites/blocks/rock_blk.png,1662,1884,1,0
./sprites/blocks/rock_blk.png,1686,1884,1,0
./sprites/blocks/rock_blk.png,1710,1884,1,0
./sprites/blocks/rock_blk.png,1734,1884,1,0
./sprites/blocks/rock_blk.png,1758,1884,1,0
./sprites/blocks/rock_blk.png,1782,1884,1,0
./sprites/blocks/rock_blk.png,1806,1884,1,0
./sprites/blocks/rock_blk.png,1830,1884,1,0
./sprites/blocks/rock_blk.png,1854,1884,1,0
./sprites/blocks/rock_blk.png,1878,1884,1,0
./sprites/blocks/rock_blk.png,1902,1884,1,0
./sprites/blocks/rock_blk.png,1926,1884,1,0
./sprites/blocks/rock_blk.png,1950,1884,1,0
./sprites/blocks/rock_blk.png,1974,1884,1,0
./sprites/blocks/rock_blk.png,1998,1884,1,0
./sprites/blocks/rock_blk.png,2022,1884,1,0
./sprites/blocks/rock_blk.png,2046,1884,1,0
./sprites/blocks/rock_blk.png,2070,1884,1,0
./sprites/blocks/rock_blk.png,2094,1884,1,0
./sprites/blocks/rock_blk.png,2118,1884,1,0
./sprites/blocks/rock_blk.png,2142,1884,1,0
./sprites/blocks/rock_blk.png,2166,1884,1,0
./sprites/blocks/rock_blk.png,2190,1884,1,0
./sprites/blocks/rock_blk.png,2214,1884,1,0
./sprites/blocks/rock_blk.png,2238,1884,1,0
./sprites/blocks/rock_blk.png,2262,1884,1,0
./sprites/blocks/rock_blk.png,2286,1884,1,0
./sprites/blocks/rock_blk.png,2310,1884,1,0
./sprites/blocks/rock_blk.png,2334,1884,1,0
./sprites/blocks/rock_blk.png,2358,1884,1,0
./sprites/blocks/rock_blk.png,2382,1884,1,0
./sprites/blocks/rock_blk.png,2406,1884,1,0
./sprites/blocks/rock_blk.png,2430,1884,1,0
./sprites/blocks/rock_blk.png,2454,1884,1,0
./sprites/blocks/rock_blk.png,2478,1884,1,0
./sprites/blocks/rock_blk.png,2502,1884,1,0
./sprites/blocks/rock_blk.png,2526,1884,1,0
./sprites/blocks/rock_blk.png,2550,1884,1,0
./sprites/blocks/rock_blk.png,2574,1884,1,0
./sprites/blocks/rock_blk.png,2598,1884,1,0
./sprites/blocks/rock_blk.png,2622,1884,1,0
./sprites/blocks/rock_blk.png,2646,1884,1,0
./sprites/blocks/rock_blk.png,2670,1884,1,0
./sprites/blocks/rock_blk.png,2694,1884,1,0
./sprites/blocks/rock_blk.png,2718,1884,1,0
./sprites/blocks/rock_blk.png,2742,1884,1,0
./sprites/blocks/rock_blk.png,2766,1884,1,0
./sprites/blocks/rock_blk.png,2790,1884,1,0
./sprites/blocks/rock_blk.png,2814,1884,1,0
./sprites/blocks/rock_blk.png,2838,1884,1,0
./sprites/blocks/rock_blk.png,2862,1884,1,0
./sprites/blocks/rock_blk.png,2886,1884,1,0
./sprites/blocks/rock_blk.png,2910,1884,1,0
./sprites/blocks/rock_blk.png,2934,1884,1,0
./sprites/blocks/rock_blk.png,2958,1884,1,0
./sprites/blocks/rock_blk.png,2982,1884,1,0
./sprites/blocks/rock_blk.png,3006,1884,1,0
./sprites/blocks/rock_blk.png,3030,1884,1,0
./sprites/blocks/rock_blk.png,3054,1884,1,0
./sprites/blocks/rock_blk.png,3078,1884,1,0
./sprites/blocks/rock_blk.png,3102,1884,1,0
./sprites/blocks/rock_blk.png,3126,1884,1,0
./sprites/blocks/rock_blk.png,3150,1884,1,0
./sprites/blocks/rock_blk.png,3174,1884,1,0
./sprites/blocks/rock_blk.png,3198,1884,1,0
./sprites/blocks/rock_blk.png,3222,1884,1,0
./sprites/blocks/rock_blk.png,3246,1884,1,0
./sprites/blocks/rock_blk.png,3270,1884,1,0
./sprites/blocks/rock_blk.png,3294,1884,1,0
./sprites/blocks/rock_blk.png,3318,1884,1,0
./sprites/blocks/rock_blk.png,3342,1884,1,0
./sprites/blocks/rock_blk.png,3366,1884,1,0
./sprites/blocks/rock_blk.png,3390,1884,1,0
./sprites/blocks/rock_blk.png,510,1908,1,0
./sprites/blocks/rock_blk.png,534,1908,1,0
./sprites/blocks/rock_blk.png,558,1908,1,0
./sprites/blocks/rock_blk.png,582,1908,1,0
./sprites/blocks/rock_blk.png,606,1908,1,0
./sprites/blocks/rock_blk.png,630,1908,1,0
./sprites/blocks/rock_blk.png,654,1908,1,0
./sprites/blocks/rock_blk.png,678,1908,1,0
./sprites/blocks/rock_blk.png,702,1908,1,0
./sprites/blocks/rock_blk.png,726,1908,1,0
./sprites/blocks/rock_blk.png,750,1908,1,0
./sprites/blocks/rock_blk.png,774,1908,1,0
./sprites/blocks/rock_blk.png,798,1908,1,0
./sprites/blocks/rock_blk.png,822,1908,1,0
./sprites/blocks/rock_blk.png,846,1908,1,0
./sprites/blocks/rock_blk.png,870,1908,1,0
./sprites/blocks/rock_blk.png,894,1908,1,0
./sprites/blocks/rock_blk.png,918,1908,1,0
./sprites/blocks/rock_blk.png,942,1908,1,0
./sprites/blocks/rock_blk.png,966,1908,1,0
./sprites/blocks/rock_blk.png,990,1908,1,0
./sprites/blocks/rock_blk.png,1014,1908,1,0
./sprites/blocks/rock_blk.png,1038,1908,1,0
./sprites/blocks/rock_blk.png,1062,1908,1,0
./sprites/blocks/rock_blk.png,1086,1908,1,0
./sprites/blocks/rock_blk.png,1110,1908,1,0
./sprites/blocks/rock_blk.png,1134,1908,1,0
./sprites/blocks/rock_blk.png,1158,1908,1,0
./sprites/blocks/rock_blk.png,1182,1908,1,0
./sprites/blocks/rock_blk.png,1206,1908,1,0
./sprites/blocks/rock_blk.png,1230,1908,1,0
./sprites/blocks/rock_blk.png,1254,1908,1,0
./sprites/blocks/rock_blk.png,1278,1908,1,0
./sprites/blocks/rock_blk.png,1302,1908,1,0
./sprites/blocks/rock_blk.png,1326,1908,1,0
./sprites/blocks/rock_blk.png,1350,1908,1,0
./sprites/blocks/rock_blk.png,1374,1908,1,0
./sprites/blocks/rock_blk.png,1398,1908,1,0
./sprites/blocks/rock_blk.png,1422,1908,1,0
./sprites/blocks/rock_blk.png,1446,1908,1,0
./sprites/blocks/rock_blk.png,1470,1908,1,0
./sprites/blocks/rock_blk.png,1494,1908,1,0
./sprites/blocks/rock_blk.png,1518,1908,1,0
./sprites/blocks/rock_blk.png,1542,1908,1,0
./sprites/blocks/rock_blk.png,1566,1908,1,0
./sprites/blocks/rock_blk.png,1590,1908,1,0
./sprites/blocks/rock_blk.png,1614,1908,1,0
./sprites/blocks/rock_blk.png,1638,1908,1,0
./sprites/blocks/rock_blk.png,1662,1908,1,0
./sprites/blocks/rock_blk.png,1686,1908,1,0
./sprites/blocks/rock_blk.png,1710,1908,1,0
./sprites/blocks/rock_blk.png,1734,1908,1,0
./sprites/blocks/rock_blk.png,1758,1908,1,0
./sprites/blocks/rock_blk.png,1782,1908,1,0
./sprites/blocks/rock_blk.png,1806,1908,1,0
./sprites/blocks/rock_blk.png,1830,1908,1,0
./sprites/blocks/rock_blk.png,1854,1908,1,0
./sprites/blocks/rock_blk.png,1878,1908,1,0
./sprites/blocks/rock_blk.png,1902,1908,1,0
./sprites/blocks/rock_blk.png,1926,1908,1,0
./sprites/blocks/rock_blk.png,1950,1908,1,0
./sprites/blocks/rock_blk.png,1974,1908,1,0
./sprites/blocks/rock_blk.png,1998,1908,1,0
./sprites/blocks/rock_blk.png,2022,1908,1,0
./sprites/blocks/rock_blk.png,2046,1908,1,0
./sprites/blocks/rock_blk.png,2070,1908,1,0
./sprites/blocks/rock_blk.png,2094,1908,1,0
./sprites/blocks/rock_blk.png,2118,1908,1,0
./sprites/blocks/rock_blk.png,2142,1908,1,0
./sprites/blocks/rock_blk.png,2166,1908,1,0
./sprites/blocks/rock_blk.png,2190,1908,1,0
./sprites/blocks/rock_blk.png,2214,1908,1,0
./sprites/blocks/rock_blk.png,2238,1908,1,0
./sprites/blocks/rock_blk.png,2262,1908,1,0
./sprites/blocks/rock_blk.png,2286,1908,1,0
./sprites/blocks/rock_blk.png,2310,1908,1,0
./sprites/blocks/rock_blk.png,2334,1908,1,0
./sprites/blocks/rock_blk.png,2358,1908,1,0
./sprites/blocks/rock_blk.png,2382,1908,1,0
./sprites/blocks/rock_blk.png,2406,1908,1,0
./sprites/blocks/rock_blk.png,2430,1908,1,0
./sprites/blocks/rock_blk.png,2454,1908,1,0
./sprites/blocks/rock_blk.png,2478,1908,1,0
./sprites/blocks/rock_blk.png,2502,1908,1,0
./sprites/blocks/rock_blk.png,2526,1908,1,0
./sprites/blocks/rock_blk.png,2550,1908,1,0
./sprites/blocks/rock_blk.png,2574,1908,1,0
./sprites/blocks/rock_blk.png,2598,1908,1,0
./sprites/blocks/rock_blk.png,2622,1908,1,0
./sprites/blocks/rock_blk.png,2646,1908,1,0
./sprites/blocks/rock_blk.png,2670,1908,1,0
./sprites/blocks/rock_blk.png,2694,1908,1,0
./sprites/blocks/rock_blk.png,2718,1908,1,0
./sprites/blocks/rock_blk.png,2742,1908,1,0
./sprites/blocks/rock_blk.png,2766,1908,1,0
./sprites/blocks/rock_blk.png,2790,1908,1,0
./sprites/blocks/rock_blk.png,2814,1908,1,0
./sprites/blocks/rock_blk.png,2838,1908,1,0
./sprites/blocks/rock_blk.png,2862,1908,1,0
./sprites/blocks/rock_blk.png,2886,1908,1,0
./sprites/blocks/rock_blk.png,2910,1908,1,0
./sprites/blocks/rock_blk.png,2934,1908,1,0
./sprites/blocks/rock_blk.png,2958,1908,1,0
./sprites/blocks/rock_blk.png,2982,1908,1,0
./sprites/blocks/rock_blk.png,3006,1908,1,0
./sprites/blocks/rock_blk.png,3030,1908,1,0
./sprites/blocks/rock_blk.png,3054,1908,1,0
./sprites/blocks/rock_blk.png,3078,1908,1,0
./sprites/blocks/rock_blk.png,3102,1908,1,0
./sprites/blocks/rock_blk.png,3126,1908,1,0
./sprites/blocks/rock_blk.png,3150,1908,1,0
./sprites/blocks/rock_blk.png,3174,1908,1,0
./sprites/blocks/rock_blk.png,3198,1908,1,0
./sprites/blocks/rock_blk.png,3222,1908,1,0
./sprites/blocks/rock_blk.png,3246,1908,1,0
./sprites/blocks/rock_blk.png,3270,1908,1,0
./sprites/blocks/rock_blk.png,3294,1908,1,0
./sprites/blocks/rock_blk.png,3318,1908,1,0
./sprites/blocks/rock_blk.png,3342,1908,1,0
./sprites/blocks/rock_blk.png,3366,1908,1,0
./sprites/blocks/rock_blk.png,3390,1908,1,0
./sprites/blocks/rock_blk.png,510,1932,1,0
./sprites/blocks/rock_blk.png,534,1932,1,0
./sprites/blocks/rock_blk.png,558,1932,1,0
./sprites/blocks/rock_blk.png,582,1932,1,0
./sprites/blocks/rock_blk.png,606,1932,1,0
./sprites/blocks/rock_blk.png,630,1932,1,0
./sprites/blocks/rock_blk.png,654,1932,1,0
./sprites/blocks/rock_blk.png,678,1932,1,0
./sprites/blocks/rock_blk.png,702,1932,1,0
./sprites/blocks/rock_blk.png,726,1932,1,0
./sprites/blocks/rock_blk.png,750,1932,1,0
./sprites/blocks/rock_blk.png,774,1932,1,0
./sprites/blocks/rock_blk.png,798,1932,1,0
./sprites/blocks/rock_blk.png,822,1932,1,0
./sprites/blocks/rock_blk.png,846,1932,1,0
./sprites/blocks/rock_blk.png,870,1932,1,0
./sprites/blocks/rock_blk.png,894,1932,1,0
./sprites/blocks/rock_blk.png,918,1932,1,0
./sprites/blocks/rock_blk.png,942,1932,1,0
./sprites/blocks/rock_blk.png,966,1932,1,0
./sprites/blocks/rock_blk.png,990,1932,1,0
./sprites/blocks/rock_blk.png,1014,1932,1,0
./sprites/blocks/rock_blk.png,1038,1932,1,0
./sprites/blocks/rock_blk.png,1062,1932,1,0
./sprites/blocks/rock_blk.png,1086,1932,1,0
./sprites/blocks/rock_blk.png,1110,1932,1,0
./sprites/blocks/rock_blk.png,1134,1932,1,0
./sprites/blocks/rock_blk.png,1158,1932,1,0
./sprites/blocks/rock_blk.png,1182,1932,1,0
./sprites/blocks/rock_blk.png,1206,1932,1,0
./sprites/blocks/rock_blk.png,1230,1932,1,0
./sprites/blocks/rock_blk.png,1254,1932,1,0
./sprites/blocks/rock_blk.png,1278,1932,1,0
./sprites/blocks/rock_blk.png,1302,1932,1,0
./sprites/blocks/rock_blk.png,1326,1932,1,0
./sprites/blocks/rock_blk.png,1350,1932,1,0
./sprites/blocks/rock_blk.png,1374,1932,1,0
./sprites/blocks/rock_blk.png,1398,1932,1,0
./sprites/blocks/rock_blk.png,1422,1932,1,0
./sprites/blocks/rock_blk.png,1446,1932,1,0
./sprites/blocks/rock_blk.png,1470,1932,1,0
./sprites/blocks/rock_blk.png,1494,1932,1,0
./sprites/blocks/rock_blk.png,1518,1932,1,0
./sprites/blocks/rock_blk.png,1542,1932,1,0
./sprites/blocks/rock_blk.png,1566,1932,1,0
./sprites/blocks/rock_blk.png,1590,1932,1,0
./sprites/blocks/rock_blk.png,1614,1932,1,0
./sprites/blocks/rock_blk.png,1638,1932,1,0
./sprites/blocks/rock_blk.png,1662,1932,1,0
./sprites/blocks/rock_blk.png,1686,1932,1,0
./sprites/blocks/rock_blk.png,1710,1932,1,0
./sprites/blocks/rock_blk.png,1734,1932,1,0
./sprites/blocks/rock_blk.png,1758,1932,1,0
./sprites/blocks/rock_blk.png,1782,1932,1,0
./sprites/blocks/rock_blk.png,1806,1932,1,0
./sprites/blocks/rock_blk.png,1830,1932,1,0
./sprites/blocks/rock_blk.png,1854,1932,1,0
./sprites/blocks/rock_blk.png,1878,1932,1,0
./sprites/blocks/rock_blk.png,1902,1932,1,0
./sprites/blocks/rock_blk.png,1926,1932,1,0
./sprites/blocks/rock_blk.png,1950,1932,1,0
./sprites/blocks/rock_blk.png,1974,1932,1,0
./sprites/blocks/rock_blk.png,1998,1932,1,0
./sprites/blocks/rock_blk.png,2022,1932,1,0
./sprites/blocks/rock_blk.png,2046,1932,1,0
./sprites/blocks/rock_blk.png,2070,1932,1,0
./sprites/blocks/rock_blk.png,2094,1932,1,0
./sprites/blocks/rock_blk.png,2118,1932,1,0
./sprites/blocks/rock_blk.png,2142,1932,1,0
./sprites/blocks/rock_blk.png,2166,1932,1,0
./sprites/blocks/rock_blk.png,2190,1932,1,0
./sprites/blocks/rock_blk.png,2214,1932,1,0
./sprites/blocks/rock_blk.png,2238,1932,1,0
./sprites/blocks/rock_blk.png,2262,1932,1,0
./sprites/blocks/rock_blk.png,2286,1932,1,0
./sprites/blocks/rock_blk.png,2310,1932,1,0
./sprites/blocks/rock_blk.png,2334,1932,1,0
./sprites/blocks/rock_blk.png,2358,1932,1,0
./sprites/blocks/rock_blk.png,2382,1932,1,0
./sprites/blocks/rock_blk.png,2406,1932,1,0
./sprites/blocks/rock_blk.png,2430,1932,1,0
./sprites/blocks/rock_blk.png,2454,1932,1,0
./sprites/blocks/rock_blk.png,2478,1932,1,0
./sprites/blocks/rock_blk.png,2502,1932,1,0
./sprites/blocks/rock_blk.png,2526,1932,1,0
./sprites/blocks/rock_blk.png,2550,1932,1,0
./sprites/blocks/rock_blk.png,2574,1932,1,0
./sprites/blocks/rock_blk.png,2598,1932,1,0
./sprites/blocks/rock_blk.png,2622,1932,1,0
./sprites/blocks/rock_blk.png,2646,1932,1,0
./sprites/blocks/rock_blk.png,2670,1932,1,0
./sprites/blocks/rock_blk.png,2694,1932,1,0
./sprites/blocks/rock_blk.png,2718,1932,1,0
./sprites/blocks/rock_blk.png,2742,1932,1,0
./sprites/blocks/rock_blk.png,2766,1932,1,0
./sprites/blocks/rock_blk.png,2790,1932,1,0
./sprites/blocks/rock_blk.png,2814,1932,1,0
./sprites/blocks/rock_blk.png,2838,1932,1,0
./sprites/blocks/rock_blk.png,2862,1932,1,0
./sprites/blocks/rock_blk.png,2886,1932,1,0
./sprites/blocks/rock_blk.png,2910,1932,1,0
./sprites/blocks/rock_blk.png,2934,1932,1,0
./sprites/blocks/rock_blk.png,2958,1932,1,0
./sprites/blocks/rock_blk.png,2982,1932,1,0
./sprites/blocks/rock_blk.png,3006,1932,1,0
./sprites/blocks/rock_blk.png,3030,1932,1,0
./sprites/blocks/rock_blk.png,3054,1932,1,0
./sprites/blocks/rock_blk.png,3078,1932,1,0
./sprites/blocks/rock_blk.png,3102,1932,1,0
./sprites/blocks/rock_blk.png,3126,1932,1,0
./sprites/blocks/rock_blk.png,3150,1932,1,0
./sprites/blocks/rock_blk.png,3174,1932,1,0
./sprites/blocks/rock_blk.png,3198,1932,1,0
./sprites/blocks/rock_blk.png,3222,1932,1,0
./sprites/blocks/rock_blk.png,3246,1932,1,0
./sprites/blocks/rock_blk.png,3270,1932,1,0
./sprites/blocks/rock_blk.png,3294,1932,1,0
./sprites/blocks/rock_blk.png,3318,1932,1,0
./sprites/blocks/rock_blk.png,3342,1932,1,0
./sprites/blocks/rock_blk.png,3366,1932,1,0
./sprites/blocks/rock_blk.png,3390,1932,1,0
./sprites/blocks/rock_blk.png,510,1956,1,0
./sprites/blocks/rock_blk.png,534,1956,1,0
./sprites/blocks/rock_blk.png,558,1956,1,0
./sprites/blocks/rock_blk.png,582,1956,1,0
./sprites/blocks/rock_blk.png,606,1956,1,0
./sprites/blocks/rock_blk.png,630,1956,1,0
./sprites/blocks/rock_blk.png,654,1956,1,0
./sprites/blocks/rock_blk.png,678,1956,1,0
./sprites/blocks/rock_blk.png,702,1956,1,0
./sprites/blocks/rock_blk.png,726,1956,1,0
./sprites/blocks/rock_blk.png,750,1956,1,0
./sprites/blocks/rock_blk.png,774,1956,1,0
./sprites/blocks/rock_blk.png,798,1956,1,0
./sprites/blocks/rock_blk.png,822,1956,1,0
./sprites/blocks/rock_blk.png,846,1956,1,0
./sprites/blocks/rock_blk.png,870,1956,1,0
./sprites/blocks/rock_blk.png,894,1956,1,0
./sprites/blocks/rock_blk.png,918,1956,1,0
./sprites/blocks/rock_blk.png,942,1956,1,0
./sprites/blocks/rock_blk.png,966,1956,1,0
./sprites/blocks/rock_blk.png,990,1956,1,0
./sprites/blocks/rock_blk.png,1014,1956,1,0
./sprites/blocks/rock_blk.png,1038,1956,1,0
./sprites/blocks/rock_blk.png,1062,1956,1,0
./sprites/blocks/rock_blk.png,1086,1956,1,0
./sprites/blocks/rock_blk.png,1110,1956,1,0
./sprites/blocks/rock_blk.png,1134,1956,1,0
./sprites/blocks/rock_blk.png,1158,1956,1,0
./sprites/blocks/rock_blk.png,1182,1956,1,0
./sprites/blocks/rock_blk.png,1206,1956,1,0
./sprites/blocks/rock_blk.png,1230,1956,1,0
./sprites/blocks/rock_blk.png,1254,1956,1,0
./sprites/blocks/rock_blk.png,1278,1956,1,0
./sprites/blocks/rock_blk.png,1302,1956,1,0
./sprites/blocks/rock_blk.png,1326,1956,1,0
./sprites/blocks/rock_blk.png,1350,1956,1,0
./sprites/blocks/rock_blk.png,1374,1956,1,0
./sprites/blocks/rock_blk.png,1398,1956,1,0
./sprites/blocks/rock_blk.png,1422,1956,1,0
./sprites/blocks/rock_blk.png,1446,1956,1,0
./sprites/blocks/rock_blk.png,1470,1956,1,0
./sprites/blocks/rock_blk.png,1494,1956,1,0
./sprites/blocks/rock_blk.png,1518,1956,1,0
./sprites/blocks/rock_blk.png,1542,1956,1,0
./sprites/blocks/rock_blk.png,1566,1956,1,0
./sprites/blocks/rock_blk.png,1590,1956,1,0
./sprites/blocks/rock_blk.png,1614,1956,1,0
./sprites/blocks/rock_blk.png,1638,1956,1,0
./sprites/blocks/rock_blk.png,1662,1956,1,0
./sprites/blocks/rock_blk.png,1686,1956,1,0
./sprites/blocks/rock_blk.png,1710,1956,1,0
./sprites/blocks/rock_blk.png,1734,1956,1,0
./sprites/blocks/rock_blk.png,1758,1956,1,0
./sprites/blocks/rock_blk.png,1782,1956,1,0
./sprites/blocks/rock_blk.png,1806,1956,1,0
./sprites/blocks/rock_blk.png,1830,1956,1,0
./sprites/blocks/rock_blk.png,1854,1956,1,0
./sprites/blocks/rock_blk.png,1878,1956,1,0
./sprites/blocks/rock_blk.png,1902,1956,1,0
./sprites/blocks/rock_blk.png,1926,1956,1,0
./sprites/blocks/rock_blk.png,1950,1956,1,0
./sprites/blocks/rock_blk.png,1974,1956,1,0
./sprites/blocks/rock_blk.png,1998,1956,1,0
./sprites/blocks/rock_blk.png,2022,1956,1,0
./sprites/blocks/rock_blk.png,2046,1956,1,0
./sprites/blocks/rock_blk.png,2070,1956,1,0
./sprites/blocks/rock_blk.png,2094,1956,1,0
./sprites/blocks/rock_blk.png,2118,1956,1,0
./sprites/blocks/rock_blk.png,2142,1956,1,0
./sprites/blocks/rock_blk.png,2166,1956,1,0
./sprites/blocks/rock_blk.png,2190,1956,1,0
./sprites/blocks/rock_blk.png,2214,1956,1,0
./sprites/blocks/rock_blk.png,2238,1956,1,0
./sprites/blocks/rock_blk.png,2262,1956,1,0
./sprites/blocks/rock_blk.png,2286,1956,1,0
./sprites/blocks/rock_blk.png,2310,1956,1,0
./sprites/blocks/rock_blk.png,2334,1956,1,0
./sprites/blocks/rock_blk.png,2358,1956,1,0
./sprites/blocks/rock_blk.png,2382,1956,1,0
./sprites/blocks/rock_blk.png,2406,1956,1,0
./sprites/blocks/rock_blk.png,2430,1956,1,0
./sprites/blocks/rock_blk.png,2454,1956,1,0
./sprites/blocks/rock_blk.png,2478,1956,1,0
./sprites/blocks/rock_blk.png,2502,1956,1,0
./sprites/blocks/rock_blk.png,2526,1956,1,0
./sprites/blocks/rock_blk.png,2550,1956,1,0
./sprites/blocks/rock_blk.png,2574,1956,1,0
./sprites/blocks/rock_blk.png,2598,1956,1,0
./sprites/blocks/rock_blk.png,2622,1956,1,0
./sprites/blocks/rock_blk.png,2646,1956,1,0
./sprites/blocks/rock_blk.png,2670,1956,1,0
./sprites/blocks/rock_blk.png,2694,1956,1,0
./sprites/blocks/rock_blk.png,2718,1956,1,0
./sprites/blocks/rock_blk.png,2742,1956,1,0
./sprites/blocks/rock_blk.png,2766,1956,1,0
./sprites/blocks/rock_blk.png,2790,1956,1,0
./sprites/blocks/rock_blk.png,2814,1956,1,0
./sprites/blocks/rock_blk.png,2838,1956,1,0
./sprites/blocks/rock_blk.png,2862,1956,1,0
./sprites/blocks/rock_blk.png,2886,1956,1,0
./sprites/blocks/rock_blk.png,2910,1956,1,0
./sprites/blocks/rock_blk.png,2934,1956,1,0
./sprites/blocks/rock_blk.png,2958,1956,1,0
./sprites/blocks/rock_blk.png,2982,1956,1,0
./sprites/blocks/rock_blk.png,3006,1956,1,0
./sprites/blocks/rock_blk.png,3030,1956,1,0
./sprites/blocks/rock_blk.png,3054,1956,1,0
./sprites/blocks/rock_blk.png,3078,1956,1,0
./sprites/blocks/rock_blk.png,3102,1956,1,0
./sprites/blocks/rock_blk.png,3126,1956,1,0
./sprites/blocks/rock_blk.png,3150,1956,1,0
./sprites/blocks/rock_blk.png,3174,1956,1,0
./sprites/blocks/rock_blk.png,3198,1956,1,0
./sprites/blocks/rock_blk.png,3222,1956,1,0
./sprites/blocks/rock_blk.png,3246,1956,1,0
./sprites/blocks/rock_blk.png,3270,1956,1,0
./sprites/blocks/rock_blk.png,3294,1956,1,0
./sprites/blocks/rock_blk.png,3318,1956,1,0
./sprites/blocks/rock_blk.png,3342,1956,1,0
./sprites/blocks/rock_blk.png,3366,1956,1,0
./sprites/blocks/rock_blk.png,3390,1956,1,0
./sprites/blocks/rock_blk.png,510,1980,1,0
./sprites/blocks/rock_blk.png,534,1980,1,0
./sprites/blocks/rock_blk.png,558,1980,1,0
./sprites/blocks/rock_blk.png,582,1980,1,0
./sprites/blocks/rock_blk.png,606,1980,1,0
./sprites/blocks/rock_blk.png,630,1980,1,0
./sprites/blocks/rock_blk.png,654,1980,1,0
./sprites/blocks/rock_blk.png,678,1980,1,0
./sprites/blocks/rock_blk.png,702,1980,1,0
./sprites/blocks/rock_blk.png,726,1980,1,0
./sprites/blocks/rock_blk.png,750,1980,1,0
./sprites/blocks/rock_blk.png,774,1980,1,0
./sprites/blocks/rock_blk.png,798,1980,1,0
./sprites/blocks/rock_blk.png,822,1980,1,0
./sprites/blocks/rock_blk.png,846,1980,1,0
./sprites/blocks/rock_blk.png,870,1980,1,0
./sprites/blocks/rock_blk.png,894,1980,1,0
./sprites/blocks/rock_blk.png,918,1980,1,0
./sprites/blocks/rock_blk.png,942,1980,1,0
./sprites/blocks/rock_blk.png,966,1980,1,0
./sprites/blocks/rock_blk.png,990,1980,1,0
./sprites/blocks/rock_blk.png,1014,1980,1,0
./sprites/blocks/rock_blk.png,1038,1980,1,0
./sprites/blocks/rock_blk.png,1062,1980,1,0
./sprites/blocks/rock_blk.png,1086,1980,1,0
./sprites/blocks/rock_blk.png,1110,1980,1,0
./sprites/blocks/rock_blk.png,1134,1980,1,0
./sprites/blocks/rock_blk.png,1158,1980,1,0
./sprites/blocks/rock_blk.png,1182,1980,1,0
./sprites/blocks/rock_blk.png,1206,1980,1,0
./sprites/blocks/rock_blk.png,1230,1980,1,0
./sprites/blocks/rock_blk.png,1254,1980,1,0
./sprites/blocks/rock_blk.png,1278,1980,1,0
./sprites/blocks/rock_blk.png,1302,1980,1,0
./sprites/blocks/rock_blk.png,1326,1980,1,0
./sprites/blocks/rock_blk.png,1350,1980,1,0
./sprites/blocks/rock_blk.png,1374,1980,1,0
./sprites/blocks/rock_blk.png,1398,1980,1,0
./sprites/blocks/rock_blk.png,1422,1980,1,0
./sprites/blocks/rock_blk.png,1446,1980,1,0
./sprites/blocks/rock_blk.png,1470,1980,1,0
./sprites/blocks/rock_blk.png,1494,1980,1,0
./sprites/blocks/rock_blk.png,1518,1980,1,0
./sprites/blocks/rock_blk.png,1542,1980,1,0
./sprites/blocks/rock_blk.png,1566,1980,1,0
./sprites/blocks/rock_blk.png,1590,1980,1,0
./sprites/blocks/rock_blk.png,1614,1980,1,0
./sprites/blocks/rock_blk.png,1638,1980,1,0
./sprites/blocks/rock_blk.png,1662,1980,1,0
./sprites/blocks/rock_blk.png,1686,1980,1,0
./sprites/blocks/rock_blk.png,1710,1980,1,0
./sprites/blocks/rock_blk.png,1734,1980,1,0
./sprites/blocks/rock_blk.png,1758,1980,1,0
./sprites/blocks/rock_blk.png,1782,1980,1,0
./sprites/blocks/rock_blk.png,1806,1980,1,0
./sprites/blocks/rock_blk.png,1830,1980,1,0
./sprites/blocks/rock_blk.png,1854,1980,1,0
./sprites/blocks/rock_blk.png,1878,1980,1,0
./sprites/blocks/rock_blk.png,1902,1980,1,0
./sprites/blocks/rock_blk.png,1926,1980,1,0
./sprites/blocks/rock_blk.png,1950,1980,1,0
./sprites/blocks/rock_blk.png,1974,1980,1,0
./sprites/blocks/rock_blk.png,1998,1980,1,0
./sprites/blocks/rock_blk.png,2022,1980,1,0
./sprites/blocks/rock_blk.png,2046,1980,1,0
./sprites/blocks/rock_blk.png,2070,1980,1,0
./sprites/blocks/rock_blk.png,2094,1980,1,0
./sprites/blocks/rock_blk.png,2118,1980,1,0
./sprites/blocks/rock_blk.png,2142,1980,1,0
./sprites/blocks/rock_blk.png,2166,1980,1,0
./sprites/blocks/rock_blk.png,2190,1980,1,0
./sprites/blocks/rock_blk.png,2214,1980,1,0
./sprites/blocks/rock_blk.png,2238,1980,1,0
./sprites/blocks/rock_blk.png,2262,1980,1,0
./sprites/blocks/rock_blk.png,2286,1980,1,0
./sprites/blocks/rock_blk.png,2310,1980,1,0
./sprites/blocks/rock_blk.png,2334,1980,1,0
./sprites/blocks/rock_blk.png,2358,1980,1,0
./sprites/blocks/rock_blk.png,2382,1980,1,0
./sprites/blocks/rock_blk.png,2406,1980,1,0
./sprites/blocks/rock_blk.png,2430,1980,1,0
./sprites/blocks/rock_blk.png,2454,1980,1,0
./sprites/blocks/rock_blk.png,2478,1980,1,0
./sprites/blocks/rock_blk.png,2502,1980,1,0
./sprites/blocks/rock_blk.png,2526,1980,1,0
./sprites/blocks/rock_blk.png,2550,1980,1,0
./sprites/blocks/rock_blk.png,2574,1980,1,0
./sprites/blocks/rock_blk.png,2598,1980,1,0
./sprites/blocks/rock_blk.png,2622,1980,1,0
./sprites/blocks/rock_blk.png,2646,1980,1,0
./sprites/blocks/rock_blk.png,2670,1980,1,0
./sprites/blocks/rock_blk.png,2694,1980,1,0
./sprites/blocks/rock_blk.png,2718,1980,1,0
./sprites/blocks/rock_blk.png,2742,1980,1,0
./sprites/blocks/rock_blk.png,2766,1980,1,0
./sprites/blocks/rock_blk.png,2790,1980,1,0
./sprites/blocks/rock_blk.png,2814,1980,1,0
./sprites/blocks/rock_blk.png,2838,1980,1,0
./sprites/blocks/rock_blk.png,2862,1980,1,0
./sprites/blocks/rock_blk.png,2886,1980,1,0
./sprites/blocks/rock_blk.png,2910,1980,1,0
./sprites/blocks/rock_blk.png,2934,1980,1,0
./sprites/blocks/rock_blk.png,2958,1980,1,0
./sprites/blocks/rock_blk.png,2982,1980,1,0
./sprites/blocks/rock_blk.png,3006,1980,1,0
./sprites/blocks/rock_blk.png,3030,1980,1,0
./sprites/blocks/rock_blk.png,3054,1980,1,0
./sprites/blocks/rock_blk.png,3078,1980,1,0
./sprites/blocks/rock_blk.png,3102,1980,1,0
./sprites/blocks/rock_blk.png,3126,1980,1,0
./sprites/blocks/rock_blk.png,3150,1980,1,0
./sprites/blocks/rock_blk.png,3174,1980,1,0
./sprites/blocks/rock_blk.png,3198,1980,1,0
./sprites/blocks/rock_blk.png,3222,1980,1,0
./sprites/blocks/rock_blk.png,3246,1980,1,0
./sprites/blocks/rock_blk.png,3270,1980,1,0
./sprites/blocks/rock_blk.png,3294,1980,1,0
./sprites/blocks/rock_blk.png,3318,1980,1,0
./sprites/blocks/rock_blk.png,3342,1980,1,0
./sprites/blocks/rock_blk.png,3366,1980,1,0
./sprites/blocks/rock_blk.png,3390,1980,1,0
./sprites/blocks/rock_blk.png,510,2004,1,0
./sprites/blocks/rock_blk.png,534,2004,1,0
./sprites/blocks/rock_blk.png,558,2004,1,0
./sprites/blocks/rock_blk.png,582,2004,1,0
./sprites/blocks/rock_blk.png,606,2004,1,0
./sprites/blocks/rock_blk.png,630,2004,1,0
./sprites/blocks/rock_blk.png,654,2004,1,0
./sprites/blocks/rock_blk.png,678,2004,1,0
./sprites/blocks/rock_blk.png,702,2004,1,0
./sprites/blocks/rock_blk.png,726,2004,1,0
./sprites/blocks/rock_blk.png,750,2004,1,0
./sprites/blocks/rock_blk.png,774,2004,1,0
./sprites/blocks/rock_blk.png,798,2004,1,0
./sprites/blocks/rock_blk.png,822,2004,1,0
./sprites/blocks/rock_blk.png,846,2004,1,0
./sprites/blocks/rock_blk.png,870,2004,1,0
./sprites/blocks/rock_blk.png,894,2004,1,0
./sprites/blocks/rock_blk.png,918,2004,1,0
./sprites/blocks/rock_blk.png,942,2004,1,0
./sprites/blocks/rock_blk.png,966,2004,1,0
./sprites/blocks/rock_blk.png,990,2004,1,0
./sprites/blocks/rock_blk.png,1014,2004,1,0
./sprites/blocks/rock_blk.png,1038,2004,1,0
./sprites/blocks/rock_blk.png,1062,2004,1,0
./sprites/blocks/rock_blk.png,1086,2004,1,0
./sprites/blocks/rock_blk.png,1110,2004,1,0
./sprites/blocks/rock_blk.png,1134,2004,1,0
./sprites/blocks/rock_blk.png,1158,2004,1,0
./sprites/blocks/rock_blk.png,1182,2004,1,0
./sprites/blocks/rock_blk.png,1206,2004,1,0
./sprites/blocks/rock_blk.png,1230,2004,1,0
./sprites/blocks/rock_blk.png,1254,2004,1,0
./sprites/blocks/rock_blk.png,1278,2004,1,0
./sprites/blocks/rock_blk.png,1302,2004,1,0
./sprites/blocks/rock_blk.png,1326,2004,1,0
./sprites/blocks/rock_blk.png,1350,2004,1,0
./sprites/blocks/rock_blk.png,1374,2004,1,0
./sprites/blocks/rock_blk.png,1398,2004,1,0
./sprites/blocks/rock_blk.png,1422,2004,1,0
./sprites/blocks/rock_blk.png,1446,2004,1,0
./sprites/blocks/rock_blk.png,1470,2004,1,0
./sprites/blocks/rock_blk.png,1494,2004,1,0
./sprites/blocks/rock_blk.png,1518,2004,1,0
./sprites/blocks/rock_blk.png,1542,2004,1,0
./sprites/blocks/rock_blk.png,1566,2004,1,0
./sprites/blocks/rock_blk.png,1590,2004,1,0
./sprites/blocks/rock_blk.png,1614,2004,1,0
./sprites/blocks/rock_blk.png,1638,2004,1,0
./sprites/blocks/rock_blk.png,1662,2004,1,0
./sprites/blocks/rock_blk.png,1686,2004,1,0
./sprites/blocks/rock_blk.png,1710,2004,1,0
./sprites/blocks/rock_blk.png,1734,2004,1,0
./sprites/blocks/rock_blk.png,1758,2004,1,0
./sprites/blocks/rock_blk.png,1782,2004,1,0
./sprites/blocks/rock_blk.png,1806,2004,1,0
./sprites/blocks/rock_blk.png,1830,2004,1,0
./sprites/blocks/rock_blk.png,1854,2004,1,0
./sprites/blocks/rock_blk.png,1878,2004,1,0
./sprites/blocks/rock_blk.png,1902,2004,1,0
./sprites/blocks/rock_blk.png,1926,2004,1,0
./sprites/blocks/rock_blk.png,1950,2004,1,0
./sprites/blocks/rock_blk.png,1974,2004,1,0
./sprites/blocks/rock_blk.png,1998,2004,1,0
./sprites/blocks/rock_blk.png,2022,2004,1,0
./sprites/blocks/rock_blk.png,2046,2004,1,0
./sprites/blocks/rock_blk.png,2070,2004,1,0
./sprites/blocks/rock_blk.png,2094,2004,1,0
./sprites/blocks/rock_blk.png,2118,2004,1,0
./sprites/blocks/rock_blk.png,2142,2004,1,0
./sprites/blocks/rock_blk.png,2166,2004,1,0
./sprites/blocks/rock_blk.png,2190,2004,1,0
./sprites/blocks/rock_blk.png,2214,2004,1,0
./sprites/blocks/rock_blk.png,2238,2004,1,0
./sprites/blocks/rock_blk.png,2262,2004,1,0
./sprites/blocks/rock_blk.png,2286,2004,1,0
./sprites/blocks/rock_blk.png,2310,2004,1,0
./sprites/blocks/rock_blk.png,2334,2004,1,0
./sprites/blocks/rock_blk.png,2358,2004,1,0
./sprites/blocks/rock_blk.png,2382,2004,1,0
./sprites/blocks/rock_blk.png,2406,2004,1,0
./sprites/blocks/rock_blk.png,2430,2004,1,0
./sprites/blocks/rock_blk.png,2454,2004,1,0
./sprites/blocks/rock_blk.png,2478,2004,1,0
./sprites/blocks/rock_blk.png,2502,2004,1,0
./sprites/blocks/rock_blk.png,2526,2004,1,0
./sprites/blocks/rock_blk.png,2550,2004,1,0
./sprites/blocks/rock_blk.png,2574,2004,1,0
./sprites/blocks/rock_blk.png,2598,2004,1,0
./sprites/blocks/rock_blk.png,2622,2004,1,0
./sprites/blocks/rock_blk.png,2646,2004,1,0
./sprites/blocks/rock_blk.png,2670,2004,1,0
./sprites/blocks/rock_blk.png,2694,2004,1,0
./sprites/blocks/rock_blk.png,2718,2004,1,0
./sprites/blocks/rock_blk.png,2742,2004,1,0
./sprites/blocks/rock_blk.png,2766,2004,1,0
./sprites/blocks/rock_blk.png,2790,2004,1,0
./sprites/blocks/rock_blk.png,2814,2004,1,0
./sprites/blocks/rock_blk.png,2838,2004,1,0
./sprites/blocks/rock_blk.png,2862,2004,1,0
./sprites/blocks/rock_blk.png,2886,2004,1,0
./sprites/blocks/rock_blk.png,2910,2004,1,0
./sprites/blocks/rock_blk.png,2934,2004,1,0
./sprites/blocks/rock_blk.png,2958,2004,1,0
./sprites/blocks/rock_blk.png,2982,2004,1,0
./sprites/blocks/rock_blk.png,3006,2004,1,0
./sprites/blocks/rock_blk.png,3030,2004,1,0
./sprites/blocks/rock_blk.png,3054,2004,1,0
./sprites/blocks/rock_blk.png,3078,2004,1,0
./sprites/blocks/rock_blk.png,3102,2004,1,0
./sprites/blocks/rock_blk.png,3126,2004,1,0
./sprites/blocks/rock_blk.png,3150,2004,1,0
./sprites/blocks/rock_blk.png,3174,2004,1,0
./sprites/blocks/rock_blk.png,3198,2004,1,0
./sprites/blocks/rock_blk.png,3222,2004,1,0
./sprites/blocks/rock_blk.png,3246,2004,1,0
./sprites/blocks/rock_blk.png,3270,2004,1,0
./sprites/blocks/rock_blk.png,3294,2004,1,0
./sprites/blocks/rock_blk.png,3318,2004,1,0
./sprites/blocks/rock_blk.png,3342,2004,1,0
./sprites/blocks/rock_blk.png,3366,2004,1,0
./sprites/blocks/rock_blk.png,3390,2004,1,0
./sprites/blocks/rock_blk.png,510,2028,1,0
./sprites/blocks/rock_blk.png,534,2028,1,0
./sprites/blocks/rock_blk.png,558,2028,1,0
./sprites/blocks/rock_blk.png,582,2028,1,0
./sprites/blocks/rock_blk.png,606,2028,1,0
./sprites/blocks/rock_blk.png,630,2028,1,0
./sprites/blocks/rock_blk.png,654,2028,1,0
./sprites/blocks/rock_blk.png,678,2028,1,0
./sprites/blocks/rock_blk.png,702,2028,1,0
./sprites/blocks/rock_blk.png,726,2028,1,0
./sprites/blocks/rock_blk.png,750,2028,1,0
./sprites/blocks/rock_blk.png,774,2028,1,0
./sprites/blocks/rock_blk.png,798,2028,1,0
./sprites/blocks/rock_blk.png,822,2028,1,0
./sprites/blocks/rock_blk.png,846,2028,1,0
./sprites/blocks/rock_blk.png,870,2028,1,0
./sprites/blocks/rock_blk.png,894,2028,1,0
./sprites/blocks/rock_blk.png,918,2028,1,0
./sprites/blocks/rock_blk.png,942,2028,1,0
./sprites/blocks/rock_blk.png,966,2028,1,0
./sprites/blocks/rock_blk.png,990,2028,1,0
./sprites/blocks/rock_blk.png,1014,2028,1,0
./sprites/blocks/rock_blk.png,1038,2028,1,0
./sprites/blocks/rock_blk.png,1062,2028,1,0
./sprites/blocks/rock_blk.png,1086,2028,1,0
./sprites/blocks/rock_blk.png,1110,2028,1,0
./sprites/blocks/rock_blk.png,1134,2028,1,0
./sprites/blocks/rock_blk.png,1158,2028,1,0
./sprites/blocks/rock_blk.png,1182,2028,1,0
./sprites/blocks/rock_blk.png,1206,2028,1,0
./sprites/blocks/rock_blk.png,1230,2028,1,0
./sprites/blocks/rock_blk.png,1254,2028,1,0
./sprites/blocks/rock_blk.png,1278,2028,1,0
./sprites/blocks/rock_blk.png,1302,2028,1,0
./sprites/blocks/rock_blk.png,1326,2028,1,0
./sprites/blocks/rock_blk.png,1350,2028,1,0
./sprites/blocks/rock_blk.png,1374,2028,1,0
./sprites/blocks/rock_blk.png,1398,2028,1,0
./sprites/blocks/rock_blk.png,1422,2028,1,0
./sprites/blocks/rock_blk.png,1446,2028,1,0
./sprites/blocks/rock_blk.png,1470,2028,1,0
./sprites/blocks/rock_blk.png,1494,2028,1,0
./sprites/blocks/rock_blk.png,1518,2028,1,0
./sprites/blocks/rock_blk.png,1542,2028,1,0
./sprites/blocks/rock_blk.png,1566,2028,1,0
./sprites/blocks/rock_blk.png,1590,2028,1,0
./sprites/blocks/rock_blk.png,1614,2028,1,0
./sprites/blocks/rock_blk.png,1638,2028,1,0
./sprites/blocks/rock_blk.png,1662,2028,1,0
./sprites/blocks/rock_blk.png,1686,2028,1,0
./sprites/blocks/rock_blk.png,1710,2028,1,0
./sprites/blocks/rock_blk.png,1734,2028,1,0
./sprites/blocks/rock_blk.png,1758,2028,1,0
./sprites/blocks/rock_blk.png,1782,2028,1,0
./sprites/blocks/rock_blk.png,1806,2028,1,0
./sprites/blocks/rock_blk.png,1830,2028,1,0
./sprites/blocks/rock_blk.png,1854,2028,1,0
./sprites/blocks/rock_blk.png,1878,2028,1,0
./sprites/blocks/rock_blk.png,1902,2028,1,0
./sprites/blocks/rock_blk.png,1926,2028,1,0
./sprites/blocks/rock_blk.png,1950,2028,1,0
./sprites/blocks/rock_blk.png,1974,2028,1,0
./sprites/blocks/rock_blk.png,1998,2028,1,0
./sprites/blocks/rock_blk.png,2022,2028,1,0
./sprites/blocks/rock_blk.png,2046,2028,1,0
./sprites/blocks/rock_blk.png,2070,2028,1,0
./sprites/blocks/rock_blk.png,2094,2028,1,0
./sprites/blocks/rock_blk.png,2118,2028,1,0
./sprites/blocks/rock_blk.png,2142,2028,1,0
./sprites/blocks/rock_blk.png,2166,2028,1,0
./sprites/blocks/rock_blk.png,2190,2028,1,0
./sprites/blocks/rock_blk.png,2214,2028,1,0
./sprites/blocks/rock_blk.png,2238,2028,1,0
./sprites/blocks/rock_blk.png,2262,2028,1,0
./sprites/blocks/rock_blk.png,2286,2028,1,0
./sprites/blocks/rock_blk.png,2310,2028,1,0
./sprites/blocks/rock_blk.png,2334,2028,1,0
./sprites/blocks/rock_blk.png,2358,2028,1,0
./sprites/blocks/rock_blk.png,2382,2028,1,0
./sprites/blocks/rock_blk.png,2406,2028,1,0
./sprites/blocks/rock_blk.png,2430,2028,1,0
./sprites/blocks/rock_blk.png,2454,2028,1,0
./sprites/blocks/rock_blk.png,2478,2028,1,0
./sprites/blocks/rock_blk.png,2502,2028,1,0
./sprites/blocks/rock_blk.png,2526,2028,1,0
./sprites/blocks/rock_blk.png,2550,2028,1,0
./sprites/blocks/rock_blk.png,2574,2028,1,0
./sprites/blocks/rock_blk.png,2598,2028,1,0
./sprites/blocks/rock_blk.png,2622,2028,1,0
./sprites/blocks/rock_blk.png,2646,2028,1,0
./sprites/blocks/rock_blk.png,2670,2028,1,0
./sprites/blocks/rock_blk.png,2694,2028,1,0
./sprites/blocks/rock_blk.png,2718,2028,1,0
./sprites/blocks/rock_blk.png,2742,2028,1,0
./sprites/blocks/rock_blk.png,2766,2028,1,0
./sprites/blocks/rock_blk.png,2790,2028,1,0
./sprites/blocks/rock_blk.png,2814,2028,1,0
./sprites/blocks/rock_blk.png,2838,2028,1,0
./sprites/blocks/rock_blk.png,2862,2028,1,0
./sprites/blocks/rock_blk.png,2886,2028,1,0
./sprites/blocks/rock_blk.png,2910,2028,1,0
./sprites/blocks/rock_blk.png,2934,2028,1,0
./sprites/blocks/rock_blk.png,2958,2028,1,0
./sprites/blocks/rock_blk.png,2982,2028,1,0
./sprites/blocks/rock_blk.png,3006,2028,1,0
./sprites/blocks/rock_blk.png,3030,2028,1,0
./sprites/blocks/rock_blk.png,3054,2028,1,0
./sprites/blocks/rock_blk.png,3078,2028,1,0
./sprites/blocks/rock_blk.png,3102,2028,1,0
./sprites/blocks/rock_blk.png,3126,2028,1,0
./sprites/blocks/rock_blk.png,3150,2028,1,0
./sprites/blocks/rock_blk.png,3174,2028,1,0
./sprites/blocks/rock_blk.png,3198,2028,1,0
./sprites/blocks/rock_blk.png,3222,2028,1,0
./sprites/blocks/rock_blk.png,3246,2028,1,0
./sprites/blocks/rock_blk.png,3270,2028,1,0
./sprites/blocks/rock_blk.png,3294,2028,1,0
./sprites/blocks/rock_blk.png,3318,2028,1,0
./sprites/blocks/rock_blk.png,3342,2028,1,0
./sprites/blocks/rock_blk.png,3366,2028,1,0
./sprites/blocks/rock_blk.png,3390,2028,1,0
./sprites/blocks/rock_blk.png,510,2052,1,0
./sprites/blocks/rock_blk.png,534,2052,1,0
./sprites/blocks/rock_blk.png,558,2052,1,0
./sprites/blocks/rock_blk.png,582,2052,1,0
./sprites/blocks/rock_blk.png,606,2052,1,0
./sprites/blocks/rock_blk.png,630,2052,1,0
./sprites/blocks/rock_blk.png,654,2052,1,0
./sprites/blocks/rock_blk.png,678,2052,1,0
./sprites/blocks/rock_blk.png,702,2052,1,0
./sprites/blocks/rock_blk.png,726,2052,1,0
./sprites/blocks/rock_blk.png,750,2052,1,0
./sprites/blocks/rock_blk.png,774,2052,1,0
./sprites/blocks/rock_blk.png,798,2052,1,0
./sprites/blocks/rock_blk.png,822,2052,1,0
./sprites/blocks/rock_blk.png,846,2052,1,0
./sprites/blocks/rock_blk.png,870,2052,1,0
./sprites/blocks/rock_blk.png,894,2052,1,0
./sprites/blocks/rock_blk.png,918,2052,1,0
./sprites/blocks/rock_blk.png,942,2052,1,0
./sprites/blocks/rock_blk.png,966,2052,1,0
./sprites/blocks/rock_blk.png,990,2052,1,0
./sprites/blocks/rock_blk.png,1014,2052,1,0
./sprites/blocks/rock_blk.png,1038,2052,1,0
./sprites/blocks/rock_blk.png,1062,2052,1,0
./sprites/blocks/rock_blk.png,1086,2052,1,0
./sprites/blocks/rock_blk.png,1110,2052,1,0
./sprites/blocks/rock_blk.png,1134,2052,1,0
./sprites/blocks/rock_blk.png,1158,2052,1,0
./sprites/blocks/rock_blk.png,1182,2052,1,0
./sprites/blocks/rock_blk.png,1206,2052,1,0
./sprites/blocks/rock_blk.png,1230,2052,1,0
./sprites/blocks/rock_blk.png,1254,2052,1,0
./sprites/blocks/rock_blk.png,1278,2052,1,0
./sprites/blocks/rock_blk.png,1302,2052,1,0
./sprites/blocks/rock_blk.png,1326,2052,1,0
./sprites/blocks/rock_blk.png,1350,2052,1,0
./sprites/blocks/rock_blk.png,1374,2052,1,0
./sprites/blocks/rock_blk.png,1398,2052,1,0
./sprites/blocks/rock_blk.png,1422,2052,1,0
./sprites/blocks/rock_blk.png,1446,2052,1,0
./sprites/blocks/rock_blk.png,1470,2052,1,0
./sprites/blocks/rock_blk.png,1494,2052,1,0
./sprites/blocks/rock_blk.png,1518,2052,1,0
./sprites/blocks/rock_blk.png,1542,2052,1,0
./sprites/blocks/rock_blk.png,1566,2052,1,0
./sprites/blocks/rock_blk.png,1590,2052,1,0
./sprites/blocks/rock_blk.png,1614,2052,1,0
./sprites/blocks/rock_blk.png,1638,2052,1,0
./sprites/blocks/rock_blk.png,1662,2052,1,0
./sprites/blocks/rock_blk.png,1686,2052,1,0
./sprites/blocks/rock_blk.png,1710,2052,1,0
./sprites/blocks/rock_blk.png,1734,2052,1,0
./sprites/blocks/rock_blk.png,1758,2052,1,0
./sprites/blocks/rock_blk.png,1782,2052,1,0
./sprites/blocks/rock_blk.png,1806,2052,1,0
./sprites/blocks/rock_blk.png,1830,2052,1,0
./sprites/blocks/rock_blk.png,1854,2052,1,0
./sprites/blocks/rock_blk.png,1878,2052,1,0
./sprites/blocks/rock_blk.png,1902,2052,1,0
./sprites/blocks/rock_blk.png,1926,2052,1,0
./sprites/blocks/rock_blk.png,1950,2052,1,0
./sprites/blocks/rock_blk.png,1974,2052,1,0
./sprites/blocks/rock_blk.png,1998,2052,1,0
./sprites/blocks/rock_blk.png,2022,2052,1,0
./sprites/blocks/rock_blk.png,2046,2052,1,0
./sprites/blocks/rock_blk.png,2070,2052,1,0
./sprites/blocks/rock_blk.png,2094,2052,1,0
./sprites/blocks/rock_blk.png,2118,2052,1,0
./sprites/blocks/rock_blk.png,2142,2052,1,0
./sprites/blocks/rock_blk.png,2166,2052,1,0
./sprites/blocks/rock_blk.png,2190,2052,1,0
./sprites/blocks/rock_blk.png,2214,2052,1,0
./sprites/blocks/rock_blk.png,2238,2052,1,0
./sprites/blocks/rock_blk.png,2262,2052,1,0
./sprites/blocks/rock_blk.png,2286,2052,1,0
./sprites/blocks/rock_blk.png,2310,2052,1,0
./sprites/blocks/rock_blk.png,2334,2052,1,0
./sprites/blocks/rock_blk.png,2358,2052,1,0
./sprites/blocks/rock_blk.png,2382,2052,1,0
./sprites/blocks/rock_blk.png,2406,2052,1,0
./sprites/blocks/rock_blk.png,2430,2052,1,0
./sprites/blocks/rock_blk.png,2454,2052,1,0
./sprites/blocks/rock_blk.png,2478,2052,1,0
./sprites/blocks/rock_blk.png,2502,2052,1,0
./sprites/blocks/rock_blk.png,2526,2052,1,0
./sprites/blocks/rock_blk.png,2550,2052,1,0
./sprites/blocks/rock_blk.png,2574,2052,1,0
./sprites/blocks/rock_blk.png,2598,2052,1,0
./sprites/blocks/rock_blk.png,2622,2052,1,0
./sprites/blocks/rock_blk.png,2646,2052,1,0
./sprites/blocks/rock_blk.png,2670,2052,1,0
./sprites/blocks/rock_blk.png,2694,2052,1,0
./sprites/blocks/rock_blk.png,2718,2052,1,0
./sprites/blocks/rock_blk.png,2742,2052,1,0
./sprites/blocks/rock_blk.png,2766,2052,1,0
./sprites/blocks/rock_blk.png,2790,2052,1,0
./sprites/blocks/rock_blk.png,2814,2052,1,0
./sprites/blocks/rock_blk.png,2838,2052,1,0
./sprites/blocks/rock_blk.png,2862,2052,1,0
./sprites/blocks/rock_blk.png,2886,2052,1,0
./sprites/blocks/rock_blk.png,2910,2052,1,0
./sprites/blocks/rock_blk.png,2934,2052,1,0
./sprites/blocks/rock_blk.png,2958,2052,1,0
./sprites/blocks/rock_blk.png,2982,2052,1,0
./sprites/blocks/rock_blk.png,3006,2052,1,0
./sprites/blocks/rock_blk.png,3030,2052,1,0
./sprites/blocks/rock_blk.png,3054,2052,1,0
./sprites/blocks/rock_blk.png,3078,2052,1,0
./sprites/blocks/rock_blk.png,3102,2052,1,0
./sprites/blocks/rock_blk.png,3126,2052,1,0
./sprites/blocks/rock_blk.png,3150,2052,1,0
./sprites/blocks/rock_blk.png,3174,2052,1,0
./sprites/blocks/rock_blk.png,3198,2052,1,0
./sprites/blocks/rock_blk.png,3222,2052,1,0
./sprites/blocks/rock_blk.png,3246,2052,1,0
./sprites/blocks/rock_blk.png,3270,2052,1,0
./sprites/blocks/rock_blk.png,3294,2052,1,0
./sprites/blocks/rock_blk.png,3318,2052,1,0
./sprites/blocks/rock_blk.png,3342,2052,1,0
./sprites/blocks/rock_blk.png,3366,2052,1,0
./sprites/blocks/rock_blk.png,3390,2052,1,0
./sprites/blocks/rock_blk.png,510,2076,1,0
./sprites/blocks/rock_blk.png,534,2076,1,0
./sprites/blocks/rock_blk.png,558,2076,1,0
./sprites/blocks/rock_blk.png,582,2076,1,0
./sprites/blocks/rock_blk.png,606,2076,1,0
./sprites/blocks/rock_blk.png,630,2076,1,0
./sprites/blocks/rock_blk.png,654,2076,1,0
./sprites/blocks/rock_blk.png,678,2076,1,0
./sprites/blocks/rock_blk.png,702,2076,1,0
./sprites/blocks/rock_blk.png,726,2076,1,0
./sprites/blocks/rock_blk.png,750,2076,1,0
./sprites/blocks/rock_blk.png,774,2076,1,0
./sprites/blocks/rock_blk.png,798,2076,1,0
./sprites/blocks/rock_blk.png,822,2076,1,0
./sprites/blocks/rock_blk.png,846,2076,1,0
./sprites/blocks/rock_blk.png,870,2076,1,0
./sprites/blocks/rock_blk.png,894,2076,1,0
./sprites/blocks/rock_blk.png,918,2076,1,0
./sprites/blocks/rock_blk.png,942,2076,1,0
./sprites/blocks/rock_blk.png,966,2076,1,0
./sprites/blocks/rock_blk.png,990,2076,1,0
./sprites/blocks/rock_blk.png,1014,2076,1,0
./sprites/blocks/rock_blk.png,1038,2076,1,0
./sprites/blocks/rock_blk.png,1062,2076,1,0
./sprites/blocks/rock_blk.png,1086,2076,1,0
./sprites/blocks/rock_blk.png,1110,2076,1,0
./sprites/blocks/rock_blk.png,1134,2076,1,0
./sprites/blocks/rock_blk.png,1158,2076,1,0
./sprites/blocks/rock_blk.png,1182,2076,1,0
./sprites/blocks/rock_blk.png,1206,2076,1,0
./sprites/blocks/rock_blk.png,1230,2076,1,0
./sprites/blocks/rock_blk.png,1254,2076,1,0
./sprites/blocks/rock_blk.png,1278,2076,1,0
./sprites/blocks/rock_blk.png,1302,2076,1,0
./sprites/blocks/rock_blk.png,1326,2076,1,0
./sprites/blocks/rock_blk.png,1350,2076,1,0
./sprites/blocks/rock_blk.png,1374,2076,1,0
./sprites/blocks/rock_blk.png,1398,2076,1,0
./sprites/blocks/rock_blk.png,1422,2076,1,0
./sprites/blocks/rock_blk.png,1446,2076,1,0
./sprites/blocks/rock_blk.png,1470,2076,1,0
./sprites/blocks/rock_blk.png,1494,2076,1,0
./sprites/blocks/rock_blk.png,1518,2076,1,0
./sprites/blocks/rock_blk.png,1542,2076,1,0
./sprites/blocks/rock_blk.png,1566,2076,1,0
./sprites/blocks/rock_blk.png,1590,2076,1,0
./sprites/blocks/rock_blk.png,1614,2076,1,0
./sprites/blocks/rock_blk.png,1638,2076,1,0
./sprites/blocks/rock_blk.png,1662,2076,1,0
./sprites/blocks/rock_blk.png,1686,2076,1,0
./sprites/blocks/rock_blk.png,1710,2076,1,0
./sprites/blocks/rock_blk.png,1734,2076,1,0
./sprites/blocks/rock_blk.png,1758,2076,1,0
./sprites/blocks/rock_blk.png,1782,2076,1,0
./sprites/blocks/rock_blk.png,1806,2076,1,0
./sprites/blocks/rock_blk.png,1830,2076,1,0
./sprites/blocks/rock_blk.png,1854,2076,1,0
./sprites/blocks/rock_blk.png,1878,2076,1,0
./sprites/blocks/rock_blk.png,1902,2076,1,0
./sprites/blocks/rock_blk.png,1926,2076,1,0
./sprites/blocks/rock_blk.png,1950,2076,1,0
./sprites/blocks/rock_blk.png,1974,2076,1,0
./sprites/blocks/rock_blk.png,1998,2076,1,0
./sprites/blocks/rock_blk.png,2022,2076,1,0
./sprites/blocks/rock_blk.png,2046,2076,1,0
./sprites/blocks/rock_blk.png,2070,2076,1,0
./sprites/blocks/rock_blk.png,2094,2076,1,0
./sprites/blocks/rock_blk.png,2118,2076,1,0
./sprites/blocks/rock_blk.png,2142,2076,1,0
./sprites/blocks/rock_blk.png,2166,2076,1,0
./sprites/blocks/rock_blk.png,2190,2076,1,0
./sprites/blocks/rock_blk.png,2214,2076,1,0
./sprites/blocks/rock_blk.png,2238,2076,1,0
./sprites/blocks/rock_blk.png,2262,2076,1,0
./sprites/blocks/rock_blk.png,2286,2076,1,0
./sprites/blocks/rock_blk.png,2310,2076,1,0
./sprites/blocks/rock_blk.png,2334,2076,1,0
./sprites/blocks/rock_blk.png,2358,2076,1,0
./sprites/blocks/rock_blk.png,2382,2076,1,0
./sprites/blocks/rock_blk.png,2406,2076,1,0
./sprites/blocks/rock_blk.png,2430,2076,1,0
./sprites/blocks/rock_blk.png,2454,2076,1,0
./sprites/blocks/rock_blk.png,2478,2076,1,0
./sprites/blocks/rock_blk.png,2502,2076,1,0
./sprites/blocks/rock_blk.png,2526,2076,1,0
./sprites/blocks/rock_blk.png,2550,2076,1,0
./sprites/blocks/rock_blk.png,2574,2076,1,0
./sprites/blocks/rock_blk.png,2598,2076,1,0
./sprites/blocks/rock_blk.png,2622,2076,1,0
./sprites/blocks/rock_blk.png,2646,2076,1,0
./sprites/blocks/rock_blk.png,2670,2076,1,0
./sprites/blocks/rock_blk.png,2694,2076,1,0
./sprites/blocks/rock_blk.png,2718,2076,1,0
./sprites/blocks/rock_blk.png,2742,2076,1,0
./sprites/blocks/rock_blk.png,2766,2076,1,0
./sprites/blocks/rock_blk.png,2790,2076,1,0
./sprites/blocks/rock_blk.png,2814,2076,1,0
./sprites/blocks/rock_blk.png,2838,2076,1,0
./sprites/blocks/rock_blk.png,2862,2076,1,0
./sprites/blocks/rock_blk.png,2886,2076,1,0
./sprites/blocks/rock_blk.png,2910,2076,1,0
./sprites/blocks/rock_blk.png,2934,2076,1,0
./sprites/blocks/rock_blk.png,2958,2076,1,0
./sprites/blocks/rock_blk.png,2982,2076,1,0
./sprites/blocks/rock_blk.png,3006,2076,1,0
./sprites/blocks/rock_blk.png,3030,2076,1,0
./sprites/blocks/rock_blk.png,3054,2076,1,0
./sprites/blocks/rock_blk.png,3078,2076,1,0
./sprites/blocks/rock_blk.png,3102,2076,1,0
./sprites/blocks/rock_blk.png,3126,2076,1,0
./sprites/blocks/rock_blk.png,3150,2076,1,0
./sprites/blocks/rock_blk.png,3174,2076,1,0
./sprites/blocks/rock_blk.png,3198,2076,1,0
./sprites/blocks/rock_blk.png,3222,2076,1,0
./sprites/blocks/rock_blk.png,3246,2076,1,0
./sprites/blocks/rock_blk.png,3270,2076,1,0
./sprites/blocks/rock_blk.png,3294,2076,1,0
./sprites/blocks/rock_blk.png,3318,2076,1,0
./sprites/blocks/rock_blk.png,3342,2076,1,0
./sprites/blocks/rock_blk.png,3366,2076,1,0
./sprites/blocks/rock_blk.png,3390,2076,1,0